-- ============================================================
-- BTU School Data Migration Script
-- Run this against your production database
-- Safe to run multiple times (uses ON CONFLICT DO NOTHING)
-- ============================================================

BEGIN;

-- ============================================================
-- 1. BTU School Types (11 records)
-- ============================================================
INSERT INTO sitespecific_btu_school_types (id, sirius_id, name, description, data) VALUES
  ('55a4fa20-019c-45d5-8d9e-1a1b1a94903b', 'A', 'Schedule A', NULL, '{"icon": "school"}'),
  ('f99298de-1881-4e3e-9230-c43d4cf5866e', 'ALT', 'Alternative Education', NULL, '{"icon": "palette"}'),
  ('88752a00-9dc9-4106-be40-3442d8af687d', 'COMMUNITY_HUB', 'Boston Community Hub Schools', 'Schools actively engaging community resources around student and family success', '{"icon": "home"}'),
  ('5f2fec71-4d48-49fa-9ac4-67142ddb3ac5', 'DUAL_LANG', 'Dual Language', 'Bilingual/biliterate programs with instruction in both English and a partner language', '{"icon": "users"}'),
  ('e68bf4ff-eea0-4ed9-99e6-9c3b685f0062', 'EXAM', 'Exam Schools', 'Three exam schools accepting students for grades 7 and 9, with rigorous entrance requirements', '{"icon": "graduation-cap"}'),
  ('cd8a33b5-5bc1-4978-aaf8-401a15e34124', 'HORACE_MANN', 'Horace Mann Charter Schools', 'Semi-autonomous in-district charter schools approved by both Boston School Committee and DESE', '{"icon": "landmark"}'),
  ('064d8dc8-e6c9-405b-a234-417e14378f80', 'IB', 'International Baccalaureate Program', 'Schools offering IB curriculum focused on critical learning, analytical thinking, and global studies', '{"icon": "book-open"}'),
  ('293de9c8-59b2-48d9-950e-0cc77bef0341', 'INNOVATION', 'Innovation Schools', 'Schools with new leadership, autonomy, and flexibility, first opened in 2011', '{"icon": "star"}'),
  ('5bc83f19-3fd3-4989-a198-ddbc38b34eb1', 'PILOT', 'Pilot Schools', '19 schools with flexibility around hiring, budget, and curriculum, created as models of educational innovation', '{"icon": "flag"}'),
  ('0bf2ec94-69c1-41c2-94f3-b06333ba7ee9', 'TRN', 'Transformative', NULL, '{"icon": "heart"}'),
  ('516491a3-e8ad-4cfb-b846-67796e063a9e', 'TURN', 'Turnaround', NULL, '{"icon": "library"}')
ON CONFLICT (id) DO NOTHING;

-- ============================================================
-- 2. BTU Regions (9 records)
-- ============================================================
INSERT INTO sitespecific_btu_regions (id, sirius_id, name, ss_contact_id, as_contact_id, ol_contact_id, data) VALUES
  ('26d80415-f20a-483b-89a9-6d4104b7e57e', 'region-1', 'Region 1', NULL, NULL, NULL, NULL),
  ('4ee1c64c-114d-461b-a94d-face3016a462', 'region-2', 'Region 2', NULL, NULL, NULL, NULL),
  ('4dd7f299-5c7b-4e5c-901b-86b817f2247b', 'region-3', 'Region 3', NULL, NULL, NULL, NULL),
  ('f48ea069-7abe-4b3d-a569-79f011c7f0bf', 'region-4', 'Region 4', NULL, NULL, NULL, NULL),
  ('68cc45ba-51f6-4f01-b32a-037446fea06b', 'region-5', 'Region 5', NULL, NULL, NULL, NULL),
  ('14a9d554-3bb9-41bf-a295-ef322f46aaf9', 'region-6', 'Region 6', NULL, NULL, NULL, NULL),
  ('8bfde6b0-a16d-46c7-a9b5-40bccde1ba4b', 'region-7', 'Region 7', NULL, NULL, NULL, NULL),
  ('0c609489-1909-4ab3-824b-964599f9261e', 'region-8', 'Region 8', NULL, NULL, NULL, NULL),
  ('aa6d728d-caac-4c46-a30e-d7a6acc26604', 'region-9', 'Region 9', NULL, NULL, NULL, NULL)
ON CONFLICT (id) DO NOTHING;

-- ============================================================
-- 3. BTU Territories (3 records)
-- ============================================================
INSERT INTO btu_territories (id, sirius_id, name, data) VALUES
  ('37632a7b-4356-4c4d-b02b-675468bb5038', 'ELE', 'Elementary', NULL),
  ('4701683a-508d-4237-873f-2c876295a556', 'PAS', 'Paras / ABAs / Subs', NULL),
  ('34774207-4a45-4bfb-9235-3ba389fbdaeb', 'SEC', 'Secondary', NULL)
ON CONFLICT (id) DO NOTHING;

-- ============================================================
-- 4. BTU School Attributes (103 records)
--    Links schools to regions, types, schedules, grade ranges
--    Note: employer_id references must exist in production
-- ============================================================
INSERT INTO sitespecific_btu_school_attributes (id, sirius_id, employer_id, school_type_ids, schedules, region_id, grade_start, grade_end) VALUES
  ('6b143de2-ae11-4ca0-ac64-9cd8b2248dda', 'school-attr-000b0e45-b895-4ee5-92c5-3f1780023ea8', '000b0e45-b895-4ee5-92c5-3f1780023ea8', NULL, '[{"note": null, "label": "Teacher", "endTime": "4:25", "startTime": "9:15"}, {"note": null, "label": "Paraprofessional", "endTime": "4:15", "startTime": "9:25"}, {"note": null, "label": "Nurse", "endTime": "4:10", "startTime": "9:00"}, {"note": null, "label": "Family Liaison", "endTime": "4:30", "startTime": "8:30"}, {"note": null, "label": "Specialist", "endTime": "4:10", "startTime": "9:00"}]', '26d80415-f20a-483b-89a9-6d4104b7e57e', 'PK', '6'),
  ('7cc81d95-a028-48ee-8181-5e0b0448aa21', 'school-attr-01301332-8909-4f91-b41f-bdd561b0baee', '01301332-8909-4f91-b41f-bdd561b0baee', NULL, '[]', NULL, NULL, NULL),
  ('e526f8bc-a78b-4207-ac4e-419f9f704ff4', 'school-attr-07384c8b-f74b-4e39-ad71-7d66f8e1c280', '07384c8b-f74b-4e39-ad71-7d66f8e1c280', NULL, '[{"note": null, "label": "Teacher", "endTime": "3:40pm", "startTime": "8:20am"}, {"note": null, "label": "Paraprofessional", "endTime": "3:30pm", "startTime": "8:30am"}, {"note": null, "label": "Nurse", "endTime": "3:30pm", "startTime": "8:30am"}, {"note": null, "label": "Family Liaison", "endTime": "4:00 PM", "startTime": "8:00 AM"}, {"note": null, "label": "Specialist", "endTime": "3:40pm", "startTime": "8:20am"}]', '0c609489-1909-4ab3-824b-964599f9261e', '7', '12'),
  ('2f238410-8efa-4127-a03a-888bb641eae1', 'OBSM-1', '0f1aaa6f-3616-4b70-95c8-e2e4e77b8a79', '{e68bf4ff-eea0-4ed9-99e6-9c3b685f0062}', NULL, NULL, NULL, NULL),
  ('9126c20e-5be5-465d-bf42-a23af314ded5', 'school-attr-0f7291ed-1d8c-4d57-8f3e-cd65094a0e6e', '0f7291ed-1d8c-4d57-8f3e-cd65094a0e6e', NULL, '[{"note": null, "label": "Teacher", "endTime": "4:20", "startTime": "20:00 AM"}, {"note": null, "label": "Paraprofessional", "endTime": "4:10", "startTime": "20:00"}, {"note": null, "label": "Nurse", "endTime": "4:20", "startTime": "20:00 AM"}, {"note": null, "label": "Family Liaison", "endTime": "4:20", "startTime": "20:00 AM"}, {"note": null, "label": "Specialist", "endTime": "4:20", "startTime": "20:00 AM"}]', '68cc45ba-51f6-4f01-b32a-037446fea06b', NULL, NULL),
  ('84e04d07-16b2-4e53-9e40-9bcad43527ff', 'school-attr-159a3875-87e9-4714-b5c6-6dbcea89a3f2', '159a3875-87e9-4714-b5c6-6dbcea89a3f2', NULL, '[{"note": null, "label": "Teacher", "endTime": "2:40", "startTime": "8:20"}, {"note": null, "label": "Paraprofessional", "endTime": "1:30", "startTime": "7:20"}, {"note": null, "label": "Nurse", "endTime": "3:00", "startTime": "8:00"}, {"note": null, "label": "Family Liaison", "endTime": "4:00", "startTime": "8:00"}, {"note": null, "label": "Specialist", "endTime": "2:40", "startTime": "8:20"}]', '26d80415-f20a-483b-89a9-6d4104b7e57e', 'PK', '1'),
  ('287365e3-592d-408f-8bf8-a7cf607db69c', 'school-attr-162f0667-6371-4585-830f-c0d14cfe3986', '162f0667-6371-4585-830f-c0d14cfe3986', NULL, '[{"note": null, "label": "Teacher", "endTime": "3:30", "startTime": "8:20"}, {"note": null, "label": "Paraprofessional", "endTime": "3:10", "startTime": "8:20"}, {"note": null, "label": "Nurse", "endTime": "3:30", "startTime": "8:20"}, {"note": null, "label": "Specialist", "endTime": "3:30", "startTime": "8:20"}]', '26d80415-f20a-483b-89a9-6d4104b7e57e', 'PK', '6'),
  ('a4a4bba4-52a8-494e-b1fa-3e5ecb9d4b50', 'school-attr-18625e69-e044-479b-b87c-5c3241f01822', '18625e69-e044-479b-b87c-5c3241f01822', NULL, '[{"note": null, "label": "Teacher", "endTime": "4:25pm", "startTime": "9:15am"}, {"note": null, "label": "Paraprofessional", "endTime": "4:10pm", "startTime": "9:30am"}, {"note": null, "label": "Nurse", "endTime": "4:25pm", "startTime": "9:15am"}, {"note": null, "label": "Family Liaison", "endTime": "4:30pm", "startTime": "8:30am"}, {"note": null, "label": "Specialist", "endTime": "4:25", "startTime": "9:15am"}]', '4dd7f299-5c7b-4e5c-901b-86b817f2247b', 'PK', '6'),
  ('438ae2db-7409-4bc2-9051-ac4dd2e757c4', 'school-attr-19c95a07-7cc8-44f6-b2d4-fcdb1ffa6162', '19c95a07-7cc8-44f6-b2d4-fcdb1ffa6162', NULL, '[{"note": null, "label": "Teacher", "endTime": "3:40pm", "startTime": "8:20am"}, {"note": null, "label": "Paraprofessional", "endTime": "3:40pm", "startTime": "8:20am"}, {"note": null, "label": "Nurse", "endTime": "3:40pm", "startTime": "8:20am"}, {"note": null, "label": "Family Liaison", "endTime": "3:40pm", "startTime": "8:20am"}, {"note": null, "label": "Specialist", "endTime": "3:40pm", "startTime": "8:20am"}]', '8bfde6b0-a16d-46c7-a9b5-40bccde1ba4b', '6', '12'),
  ('ee9e708f-9110-4f14-957f-14b916ad09cb', 'school-attr-1c1c4a4e-4166-42bf-9d0a-ae72ce4a761e', '1c1c4a4e-4166-42bf-9d0a-ae72ce4a761e', NULL, '[{"note": null, "label": "Teacher", "endTime": "3:25", "startTime": "8:15"}, {"note": null, "label": "Paraprofessional", "endTime": "3:10", "startTime": "8:20"}, {"note": null, "label": "Nurse", "endTime": "3:25", "startTime": "8:15"}, {"note": null, "label": "Family Liaison", "endTime": "4:30", "startTime": "8:30"}, {"note": null, "label": "Specialist", "endTime": "3:25", "startTime": "8:15"}]', '26d80415-f20a-483b-89a9-6d4104b7e57e', 'PK', '8'),
  ('fe862ab9-74d5-4eb8-a108-dc4b88e974da', 'school-attr-1cce1a99-13d4-4593-ab66-88262c6f3422', '1cce1a99-13d4-4593-ab66-88262c6f3422', NULL, '[{"note": null, "label": "Teacher", "endTime": "4:25pm", "startTime": "9:15am"}, {"note": null, "label": "Paraprofessional", "endTime": "4:10pm", "startTime": "9:25am"}, {"note": null, "label": "Nurse", "endTime": "4:25pm", "startTime": "9:15am"}, {"note": null, "label": "Family Liaison", "endTime": "4:45", "startTime": "8:45"}, {"note": null, "label": "Specialist", "endTime": "4:25pm", "startTime": "9:15am"}]', '68cc45ba-51f6-4f01-b32a-037446fea06b', NULL, NULL),
  ('b633d67e-00ee-44fe-bb4d-c741e02c8753', 'school-attr-2411fd72-33d9-4d64-b1ad-96a9aae59d32', '2411fd72-33d9-4d64-b1ad-96a9aae59d32', NULL, '[{"note": null, "label": "Teacher", "endTime": "2:30pm", "startTime": "8:00am"}, {"note": null, "label": "Paraprofessional", "endTime": "2:30pm", "startTime": "8:00am"}, {"note": null, "label": "Nurse", "endTime": "2:30pm", "startTime": "8:00am"}, {"note": null, "label": "Family Liaison", "endTime": "3:00pm", "startTime": "7:00am"}, {"note": null, "label": "Specialist", "endTime": "2:30pm", "startTime": "8:00am"}]', '8bfde6b0-a16d-46c7-a9b5-40bccde1ba4b', '9', '12'),
  ('ea6a7d2b-2d85-4974-921e-963350f93690', 'school-attr-252ba9fb-9609-442e-9e70-4806f8cc971e', '252ba9fb-9609-442e-9e70-4806f8cc971e', NULL, '[{"note": null, "label": "Teacher", "endTime": "2:50 pm", "startTime": "7:10 am"}, {"note": null, "label": "Paraprofessional", "endTime": "1:50", "startTime": "7:10"}, {"note": null, "label": "Nurse", "endTime": "1:50", "startTime": "7:10"}, {"note": null, "label": "Family Liaison", "endTime": "3:00pm", "startTime": "7:00 am"}, {"note": null, "label": "Specialist", "endTime": "1:50", "startTime": "7:10"}]', '8bfde6b0-a16d-46c7-a9b5-40bccde1ba4b', NULL, NULL),
  ('a0ed9556-38be-471e-91e0-0836ebe9c397', 'school-attr-258d5a0c-855b-4343-a1e7-42ab2feb10d2', '258d5a0c-855b-4343-a1e7-42ab2feb10d2', NULL, '[{"note": null, "label": "Teacher", "endTime": "4:20pm", "startTime": "9:10 am"}, {"note": null, "label": "Paraprofessional", "endTime": "4:20pm", "startTime": "9:30am"}, {"note": null, "label": "Nurse", "endTime": "4:20pm", "startTime": "9:10 am"}, {"note": null, "label": "Family Liaison", "endTime": "5:00pm", "startTime": "9:00am"}, {"note": null, "label": "Specialist", "endTime": "4:20pm", "startTime": "9:10 am"}]', '4ee1c64c-114d-461b-a94d-face3016a462', 'PK', '6'),
  ('de990870-91ae-4d84-8dfc-4b55c043dd5b', 'school-attr-25e5db76-9bb7-4780-805b-9b32638dd855', '25e5db76-9bb7-4780-805b-9b32638dd855', NULL, '[{"note": null, "label": "Teacher", "endTime": "3:20", "startTime": "8:10"}, {"note": null, "label": "Paraprofessional", "endTime": "3:05", "startTime": "8:15"}, {"note": null, "label": "Nurse", "endTime": "3:20", "startTime": "8:10"}, {"note": null, "label": "Family Liaison", "endTime": "4:30", "startTime": "8:30"}, {"note": null, "label": "Specialist", "endTime": "3:20", "startTime": "8:10"}]', '14a9d554-3bb9-41bf-a295-ef322f46aaf9', 'PK', '6'),
  ('4d582d23-a4d7-4ea9-b76c-635b7f89f5f5', 'school-attr-26c2e077-ac1d-4cee-a117-f80c99fa9122', '26c2e077-ac1d-4cee-a117-f80c99fa9122', NULL, '[{"note": null, "label": "Teacher", "endTime": "2:10", "startTime": "7:10"}, {"note": null, "label": "Paraprofessional", "endTime": "2:00", "startTime": "7:20"}, {"note": null, "label": "Nurse", "endTime": "2:10", "startTime": "7:10"}, {"note": null, "label": "Family Liaison", "endTime": "3:30", "startTime": "7:10"}, {"note": null, "label": "Specialist", "endTime": "2:10", "startTime": "7:10"}]', '14a9d554-3bb9-41bf-a295-ef322f46aaf9', 'PK', '8'),
  ('fd475f7f-1123-4526-b5a5-6585c26fceac', 'school-attr-27e2141b-3217-478f-ae17-d0c6ef90b3f3', '27e2141b-3217-478f-ae17-d0c6ef90b3f3', NULL, '[{"note": null, "label": "Teacher", "endTime": "2:20", "startTime": "7:20"}, {"note": null, "label": "Paraprofessional", "endTime": "2:10", "startTime": "7:20"}, {"note": null, "label": "Nurse", "endTime": "2:20", "startTime": "7:20"}, {"note": null, "label": "Family Liaison", "endTime": "4:30", "startTime": "8:30"}, {"note": null, "label": "Specialist", "endTime": "2:20", "startTime": "7:20"}]', '26d80415-f20a-483b-89a9-6d4104b7e57e', 'PK', '6'),
  ('18f5d8f1-2a19-4980-8c2f-0b47dc0df7c2', 'school-attr-28cb0bc3-4fef-4285-ab3c-2e6b114b46f4', '28cb0bc3-4fef-4285-ab3c-2e6b114b46f4', NULL, '[{"note": null, "label": "Teacher", "endTime": "4:20", "startTime": "9:10"}, {"note": null, "label": "Paraprofessional", "endTime": "4:10", "startTime": "9:20"}, {"note": null, "label": "Nurse", "endTime": "4:20", "startTime": "9:10"}, {"note": null, "label": "Family Liaison", "endTime": "4:30", "startTime": "8:30"}, {"note": null, "label": "Specialist", "endTime": "4:20", "startTime": "9:10"}]', '4dd7f299-5c7b-4e5c-901b-86b817f2247b', 'PK', '6'),
  ('ada4f3b7-233a-4986-9779-19ad26910f28', 'school-attr-2a44502c-a4a7-409a-9f18-5afeffe75271', '2a44502c-a4a7-409a-9f18-5afeffe75271', NULL, '[{"note": null, "label": "Teacher", "endTime": "3:25", "startTime": "8:15"}, {"note": null, "label": "Paraprofessional", "endTime": "3:10", "startTime": "8:20"}, {"note": null, "label": "Nurse", "endTime": "3:25", "startTime": "8:15"}, {"note": null, "label": "Family Liaison", "endTime": "4:00", "startTime": "8:00"}, {"note": null, "label": "Specialist", "endTime": "3:25", "startTime": "8:15"}]', '4dd7f299-5c7b-4e5c-901b-86b817f2247b', 'PK', '6'),
  ('825338c9-f39d-40be-822d-dac06108e519', 'school-attr-2a865039-a067-4159-92dd-22bb2ade89bc', '2a865039-a067-4159-92dd-22bb2ade89bc', NULL, '[{"note": null, "label": "Teacher", "endTime": "3:25pm", "startTime": "8:15am"}, {"note": null, "label": "Paraprofessional", "endTime": "3:05pm", "startTime": "8:15am"}, {"note": null, "label": "Nurse", "endTime": "3:25pm", "startTime": "8:15am"}, {"note": null, "label": "Family Liaison", "endTime": "4:00pm", "startTime": "8:00am"}, {"note": null, "label": "Specialist", "endTime": "3:25pm", "startTime": "8:15am"}]', '4ee1c64c-114d-461b-a94d-face3016a462', 'PK', '6'),
  ('6914bc8b-8168-4532-95f3-ac7a73d992e4', 'school-attr-2c3ef62d-7813-4ab9-9fd5-0bf13c1934b6', '2c3ef62d-7813-4ab9-9fd5-0bf13c1934b6', NULL, '[{"note": null, "label": "Teacher", "endTime": "3:30", "startTime": "8:20"}, {"note": null, "label": "Paraprofessional", "endTime": "3:20", "startTime": "8:20"}, {"note": null, "label": "Nurse", "endTime": "3:30", "startTime": "8:20"}, {"note": null, "label": "Family Liaison", "endTime": "4:00", "startTime": "8:20"}, {"note": null, "label": "Specialist", "endTime": "3:30", "startTime": "8:20"}]', '4dd7f299-5c7b-4e5c-901b-86b817f2247b', 'PK', '8'),
  ('35200e1e-4443-4882-9f70-cbd39755ff71', 'school-attr-2c75591b-d479-4750-891a-b10837f7fd6f', '2c75591b-d479-4750-891a-b10837f7fd6f', NULL, '[{"note": null, "label": "Teacher", "endTime": "4:25", "startTime": "9:15"}, {"note": null, "label": "Paraprofessional", "endTime": "4:10", "startTime": "9:20"}, {"note": null, "label": "Nurse", "endTime": "4:25", "startTime": "9:15"}, {"note": null, "label": "Family Liaison", "endTime": "5:00", "startTime": "9:00"}, {"note": null, "label": "Specialist", "endTime": "4:25", "startTime": "9:15"}]', 'f48ea069-7abe-4b3d-a569-79f011c7f0bf', 'PK', '6'),
  ('9f6a5927-2db8-4f5a-9b86-8206c7825ec2', 'school-attr-342030f7-ec0e-4b84-b96a-188a842ff6a1', '342030f7-ec0e-4b84-b96a-188a842ff6a1', NULL, '[{"note": null, "label": "Teacher", "endTime": "3:10", "startTime": "7:10"}, {"note": null, "label": "Paraprofessional", "endTime": "3:10", "startTime": "7:10"}, {"note": null, "label": "Nurse", "endTime": "3:10", "startTime": "7:10"}, {"note": null, "label": "Family Liaison", "endTime": "3:10", "startTime": "7:10"}, {"note": null, "label": "Specialist", "endTime": "3:10", "startTime": "7:10"}]', '4ee1c64c-114d-461b-a94d-face3016a462', 'K', '6'),
  ('a96900a3-f894-4651-85f5-f0c777349abb', 'school-attr-36e5bec0-a98b-4dc3-ac93-369faac8542f', '36e5bec0-a98b-4dc3-ac93-369faac8542f', NULL, '[{"note": null, "label": "Teacher", "endTime": "2:50pm", "startTime": "7:10am"}, {"note": null, "label": "Paraprofessional", "endTime": "1:50", "startTime": "7:10"}, {"note": null, "label": "Nurse", "endTime": "1:50", "startTime": "7:10"}, {"note": null, "label": "Family Liaison", "endTime": "3:00pm", "startTime": "7:00 am"}, {"note": null, "label": "Specialist", "endTime": "1:50", "startTime": "7:10"}]', '8bfde6b0-a16d-46c7-a9b5-40bccde1ba4b', NULL, NULL),
  ('fd90c96e-9ec5-421a-a215-9a792656f014', 'school-attr-37692be9-72c1-46dd-b948-de5db4e50ca3', '37692be9-72c1-46dd-b948-de5db4e50ca3', NULL, '[{"note": null, "label": "Teacher", "endTime": "2:23", "startTime": "7:50"}, {"note": null, "label": "Paraprofessional", "endTime": "2:30", "startTime": "8:00"}, {"note": null, "label": "Nurse", "endTime": "2:30", "startTime": "7:50"}, {"note": null, "label": "Family Liaison", "endTime": "3:50", "startTime": "7:50"}, {"note": null, "label": "Specialist", "endTime": "2:30", "startTime": "7:50"}]', '0c609489-1909-4ab3-824b-964599f9261e', NULL, NULL),
  ('8b5d9a27-8131-4f9a-b615-769ca32e51be', 'school-attr-37d6a6f5-9476-4db0-a617-29752306b56e', '37d6a6f5-9476-4db0-a617-29752306b56e', NULL, '[{"note": null, "label": "Teacher", "endTime": "3:30", "startTime": "8:15"}, {"note": null, "label": "Paraprofessional", "endTime": "3:15", "startTime": "8:15"}, {"note": null, "label": "Nurse", "endTime": "3:30", "startTime": "8:15"}, {"note": null, "label": "Family Liaison", "endTime": "3:30", "startTime": "7:30"}, {"note": null, "label": "Specialist", "endTime": "3:30", "startTime": "8:15"}]', '26d80415-f20a-483b-89a9-6d4104b7e57e', NULL, NULL),
  ('d15e237f-010e-4e7d-af75-f357330cf226', 'school-attr-39ae0e3c-9c4e-4ef9-9e0a-2b5160edc774', '39ae0e3c-9c4e-4ef9-9e0a-2b5160edc774', NULL, '[{"note": null, "label": "Teacher", "endTime": "3:25", "startTime": "8:15"}, {"note": null, "label": "Paraprofessional", "endTime": "3:15", "startTime": "8:25"}, {"note": null, "label": "Nurse", "endTime": "3:25", "startTime": "8:15"}, {"note": null, "label": "Family Liaison", "endTime": "4:00", "startTime": "8:00"}, {"note": null, "label": "Specialist", "endTime": "3:10", "startTime": "8:40"}]', '68cc45ba-51f6-4f01-b32a-037446fea06b', 'PK', '6'),
  ('1a60f563-d3dc-4450-8910-32398a22cdd5', 'school-attr-3f5eea27-90ac-4989-a41a-d0bf73d185b9', '3f5eea27-90ac-4989-a41a-d0bf73d185b9', NULL, '[{"note": null, "label": "Teacher", "endTime": "2:40", "startTime": "7:10"}, {"note": null, "label": "Paraprofessional", "endTime": "2:10", "startTime": "7:10"}, {"note": null, "label": "Nurse", "endTime": "2:40", "startTime": "7:10"}, {"note": null, "label": "Family Liaison", "endTime": "3:10", "startTime": "7:10"}, {"note": null, "label": "Specialist", "endTime": "2:40", "startTime": "7:10"}]', '4dd7f299-5c7b-4e5c-901b-86b817f2247b', 'PK', '8'),
  ('a4458b45-c5a9-4a93-81dc-0d52e66ba131', 'school-attr-3fbae601-4964-4d31-91a5-fd4483c6edd7', '3fbae601-4964-4d31-91a5-fd4483c6edd7', NULL, '[{"note": null, "label": "Teacher", "endTime": "2:35", "startTime": "7:20"}, {"note": null, "label": "Paraprofessional", "endTime": "2:25", "startTime": "7:30"}, {"note": null, "label": "Nurse", "endTime": "2:35", "startTime": "7:20"}, {"note": null, "label": "Family Liaison", "endTime": "3:35", "startTime": "7:20"}, {"note": null, "label": "Specialist", "endTime": "2:35", "startTime": "7:20"}]', 'aa6d728d-caac-4c46-a30e-d7a6acc26604', '9', '12'),
  ('2f1abf9f-7db5-402a-9d04-4b947effe217', 'school-attr-40ab3192-54f2-4f91-ba59-a87ddf8a9cb4', '40ab3192-54f2-4f91-ba59-a87ddf8a9cb4', NULL, '[{"note": null, "label": "Teacher", "endTime": "4:25", "startTime": "9:15"}, {"note": null, "label": "Paraprofessional", "endTime": "4:10", "startTime": "9:20"}, {"note": null, "label": "Nurse", "endTime": "4:25", "startTime": "9:15"}, {"note": null, "label": "Specialist", "endTime": "4:25", "startTime": "9:15"}]', 'f48ea069-7abe-4b3d-a569-79f011c7f0bf', 'PK', '2'),
  ('add61488-682b-4da5-b538-67335105ae90', 'school-attr-40f0663f-80cd-48c6-b636-b8d80dd16ead', '40f0663f-80cd-48c6-b636-b8d80dd16ead', '{e68bf4ff-eea0-4ed9-99e6-9c3b685f0062}', '[{"note": null, "label": "Teacher", "endTime": "1:50", "startTime": "7:10"}, {"note": null, "label": "Paraprofessional", "endTime": "1:50", "startTime": "7:10"}, {"note": null, "label": "Nurse", "endTime": "1:50", "startTime": "7:10"}, {"note": null, "label": "Family Liaison", "endTime": "3:10", "startTime": "7:10"}, {"note": null, "label": "Specialist", "endTime": "1:50", "startTime": "7:10"}]', 'aa6d728d-caac-4c46-a30e-d7a6acc26604', '7', '12'),
  ('a30394d9-8c61-4913-a34b-8536453a4cb9', 'school-attr-41afd06e-9341-4ac1-8536-3b5ae053a46b', '41afd06e-9341-4ac1-8536-3b5ae053a46b', NULL, '[{"note": null, "label": "Teacher", "endTime": "2:30", "startTime": "7:45"}, {"note": null, "label": "Paraprofessional", "endTime": "3:00", "startTime": "7:00"}, {"note": null, "label": "Nurse", "endTime": "2:30", "startTime": "7:45"}, {"note": null, "label": "Family Liaison", "endTime": "3:00", "startTime": "7:00"}, {"note": null, "label": "Specialist", "endTime": "2:30", "startTime": "7:45"}]', '0c609489-1909-4ab3-824b-964599f9261e', '7', '12'),
  ('0f03c140-e92f-4dca-b778-81c7d8ec7237', 'school-attr-459bda86-256c-4463-9f65-528f896a8519', '459bda86-256c-4463-9f65-528f896a8519', NULL, '[]', '4dd7f299-5c7b-4e5c-901b-86b817f2247b', 'PK', '6'),
  ('bab80ff0-c624-4d68-b17d-304a0b5f1a71', 'school-attr-46d5d8a2-02e5-4a03-a93d-2021ede53e26', '46d5d8a2-02e5-4a03-a93d-2021ede53e26', NULL, '[{"note": null, "label": "Teacher", "endTime": "3:25", "startTime": "8:15"}, {"note": null, "label": "Paraprofessional", "endTime": "3:15", "startTime": "8:25"}, {"note": null, "label": "Nurse", "endTime": "3:25", "startTime": "8:15"}, {"note": null, "label": "Family Liaison", "endTime": "4:00", "startTime": "8:00"}, {"note": null, "label": "Specialist", "endTime": "3:25", "startTime": "8:15"}]', '68cc45ba-51f6-4f01-b32a-037446fea06b', 'PK', '6'),
  ('65211b6e-0082-4cea-a14a-77a94b1eb0ce', 'school-attr-492f990f-4300-4b7f-b632-508297ac6b86', '492f990f-4300-4b7f-b632-508297ac6b86', NULL, '[{"note": null, "label": "Teacher", "endTime": "2:45", "startTime": "8:15"}, {"note": null, "label": "Paraprofessional", "endTime": "1:30", "startTime": "7:15"}, {"note": null, "label": "Nurse", "endTime": "2:45", "startTime": "8:15"}, {"note": null, "label": "Family Liaison", "endTime": "3:15", "startTime": "7:15"}, {"note": null, "label": "Specialist", "endTime": "2:45", "startTime": "8:15"}]', '14a9d554-3bb9-41bf-a295-ef322f46aaf9', 'PK', '3'),
  ('4f748a9a-cc86-49ce-af4f-1a51e894a9cf', 'school-attr-496578f1-921b-4003-ab4d-cb5e3e1e6cb8', '496578f1-921b-4003-ab4d-cb5e3e1e6cb8', NULL, '[{"note": null, "label": "Teacher", "endTime": "3:45", "startTime": "9:15"}, {"note": null, "label": "Paraprofessional", "endTime": "3:30", "startTime": "9:15"}, {"note": null, "label": "Nurse", "endTime": "3:45", "startTime": "9:15"}, {"note": null, "label": "Family Liaison", "endTime": "3:45", "startTime": "9:15"}, {"note": null, "label": "Specialist", "endTime": "3:45", "startTime": "9:15"}]', '4dd7f299-5c7b-4e5c-901b-86b817f2247b', 'PK', '12'),
  ('9b5816fa-648a-4000-8d0e-457fb3fd4a35', 'school-attr-4c3b61ec-0683-4217-81a2-4a24cbcb7b64', '4c3b61ec-0683-4217-81a2-4a24cbcb7b64', NULL, '[{"note": null, "label": "Teacher", "endTime": "3:20 PM", "startTime": "8:20 AM"}, {"note": null, "label": "Paraprofessional", "endTime": "3:10 PM", "startTime": "8:30 AM"}, {"note": null, "label": "Nurse", "endTime": "3:20 PM", "startTime": "8:20 AM"}, {"note": null, "label": "Family Liaison", "endTime": "4:00 PM", "startTime": "8:00 AM"}, {"note": null, "label": "Specialist", "endTime": "3:20 PM", "startTime": "8:20 AM"}]', '68cc45ba-51f6-4f01-b32a-037446fea06b', 'PK', '2'),
  ('5a90e42e-4135-4700-b0c5-51cfbe155422', 'school-attr-58ae3e48-c206-404d-8728-821140e7f014', '58ae3e48-c206-404d-8728-821140e7f014', NULL, '[{"note": null, "label": "Teacher", "endTime": "4:30PM", "startTime": "9:10AM"}, {"note": null, "label": "Paraprofessional", "endTime": "4:30PM", "startTime": "9:15AM"}, {"note": null, "label": "Nurse", "endTime": "4:30PM", "startTime": "9:10AM"}, {"note": null, "label": "Family Liaison", "endTime": "5:15PM", "startTime": "9:15AM"}, {"note": null, "label": "Specialist", "endTime": "4:30PM", "startTime": "9:10AM"}]', '68cc45ba-51f6-4f01-b32a-037446fea06b', NULL, NULL),
  ('1e672c0b-947f-4593-9848-35cfdd92dcac', 'school-attr-5922ca8e-0d9f-49c3-8f01-cf1773152b9d', '5922ca8e-0d9f-49c3-8f01-cf1773152b9d', NULL, '[{"note": null, "label": "Teacher", "endTime": "2:30", "startTime": "7:10"}, {"note": null, "label": "Paraprofessional", "endTime": "2:30", "startTime": "7:18"}, {"note": null, "label": "Nurse", "endTime": "2:30", "startTime": "7:10"}, {"note": null, "label": "Family Liaison", "endTime": "3:00", "startTime": "7:00"}, {"note": null, "label": "Specialist", "endTime": "2:30", "startTime": "7:10"}]', 'aa6d728d-caac-4c46-a30e-d7a6acc26604', '7', '12'),
  ('4ee84cd2-1b7c-455d-a544-3073ca5474a0', 'school-attr-5ab0db8e-a80f-495d-8692-2f1f9be373c1', '5ab0db8e-a80f-495d-8692-2f1f9be373c1', NULL, '[{"note": null, "label": "Teacher", "endTime": "4:20pm", "startTime": "9:20am"}, {"note": null, "label": "Paraprofessional", "endTime": "4:25pm", "startTime": "9:10am"}, {"note": null, "label": "Nurse", "endTime": "4:20pm", "startTime": "9:20am"}, {"note": null, "label": "Family Liaison", "endTime": "5:00pm", "startTime": "9:10am"}, {"note": null, "label": "Specialist", "endTime": "4:20pm", "startTime": "9:20am"}]', '4ee1c64c-114d-461b-a94d-face3016a462', 'PK', '6'),
  ('84aee285-7a8c-4d6b-959d-899016e8f44c', 'school-attr-5d2c23c5-c987-4ab9-94f5-0a3e6fb7ce00', '5d2c23c5-c987-4ab9-94f5-0a3e6fb7ce00', NULL, '[{"note": null, "label": "Teacher", "endTime": "3:20", "startTime": "8:10"}, {"note": null, "label": "Paraprofessional", "endTime": "3:15", "startTime": "8:15"}, {"note": null, "label": "Nurse", "endTime": "3:20", "startTime": "8:10"}, {"note": null, "label": "Specialist", "endTime": "3:20", "startTime": "8:10"}]', '4ee1c64c-114d-461b-a94d-face3016a462', 'PK', '6'),
  ('f2986609-01b3-4d2f-9c9b-ab1797505738', 'school-attr-6083eaa6-4ba5-4b31-91f8-161b5148ecc6', '6083eaa6-4ba5-4b31-91f8-161b5148ecc6', NULL, '[{"note": null, "label": "Teacher", "endTime": "3:30", "startTime": "8:20"}, {"note": null, "label": "Paraprofessional", "endTime": "3:15", "startTime": "8:25"}, {"note": null, "label": "Nurse", "endTime": "3:30", "startTime": "8:20"}, {"note": null, "label": "Family Liaison", "endTime": "3:30", "startTime": "8:20"}, {"note": null, "label": "Specialist", "endTime": "3:30", "startTime": "8:20"}]', '4dd7f299-5c7b-4e5c-901b-86b817f2247b', 'PK', '8'),
  ('02ddd178-a0de-476c-a379-1fc0fb0f7d40', 'school-attr-6422292d-2818-447e-a937-da9404b1937f', '6422292d-2818-447e-a937-da9404b1937f', NULL, '[{"note": null, "label": "Teacher", "endTime": "3:10 PM", "startTime": "8:10 AM"}, {"note": null, "label": "Paraprofessional", "endTime": "3:00 PM", "startTime": "8:20 AM"}, {"note": null, "label": "Nurse", "endTime": "3:10 PM", "startTime": "8:10 AM"}, {"note": null, "label": "Family Liaison", "endTime": "4:00 PM", "startTime": "8:00 AM"}, {"note": null, "label": "Specialist", "endTime": "3:10 PM", "startTime": "8:10 AM"}]', '14a9d554-3bb9-41bf-a295-ef322f46aaf9', NULL, NULL),
  ('ebc24876-5afc-42e2-9cec-6d687c4b385e', 'school-attr-667b14bc-bbb6-4199-8d3e-d4f55be5ab43', '667b14bc-bbb6-4199-8d3e-d4f55be5ab43', NULL, '[{"note": null, "label": "Teacher", "endTime": "4:25pm", "startTime": "9:10am"}, {"note": null, "label": "Paraprofessional", "endTime": "4:10pm", "startTime": "9:15am"}, {"note": null, "label": "Nurse", "endTime": "4:25pm", "startTime": "9:10am"}, {"note": null, "label": "Family Liaison", "endTime": "5:00pm", "startTime": "9:00am"}, {"note": null, "label": "Specialist", "endTime": "4:25pm", "startTime": "9:10am"}]', '4ee1c64c-114d-461b-a94d-face3016a462', 'PK', '6'),
  ('89c5d899-513c-4cd9-8abe-dcfd2983f754', 'school-attr-67e1aef1-f357-4fa2-aef5-80606e81f115', '67e1aef1-f357-4fa2-aef5-80606e81f115', NULL, '[{"note": null, "label": "Teacher", "endTime": "3:10", "startTime": "7:50"}, {"note": null, "label": "Paraprofessional", "endTime": "3:15", "startTime": "7:15"}, {"note": null, "label": "Nurse", "endTime": "3:10", "startTime": "7:50"}, {"note": null, "label": "Family Liaison", "endTime": "3:10", "startTime": "7:50"}, {"note": null, "label": "Specialist", "endTime": "3:10", "startTime": "7:50"}]', '8bfde6b0-a16d-46c7-a9b5-40bccde1ba4b', NULL, NULL),
  ('d7d34cc8-fc4a-4e1d-80d4-1d7e638f81f9', 'school-attr-691c3aa3-798e-40a1-be5c-bdf65761fd1d', '691c3aa3-798e-40a1-be5c-bdf65761fd1d', NULL, '[{"note": null, "label": "Teacher", "endTime": "2:30", "startTime": "7:10"}, {"note": null, "label": "Paraprofessional", "endTime": "2:30", "startTime": "7:10"}, {"note": null, "label": "Nurse", "endTime": "2:30", "startTime": "7:10"}, {"note": null, "label": "Family Liaison", "endTime": "2:30", "startTime": "7:10"}, {"note": null, "label": "Specialist", "endTime": "2:30", "startTime": "7:10"}]', 'aa6d728d-caac-4c46-a30e-d7a6acc26604', '7', '12'),
  ('1ab2646f-40aa-4553-abfa-8a6a0388af8c', 'school-attr-6a70f7de-e911-423b-a921-e93998c4edf0', '6a70f7de-e911-423b-a921-e93998c4edf0', NULL, '[{"note": null, "label": "Teacher", "endTime": "3:30", "startTime": "8:50"}, {"note": null, "label": "Paraprofessional", "endTime": "3:31", "startTime": "8:50"}, {"note": null, "label": "Nurse", "endTime": "3:32", "startTime": "8:50"}, {"note": null, "label": "Family Liaison", "endTime": "3:33", "startTime": "8:50"}, {"note": null, "label": "Specialist", "endTime": "3:34", "startTime": "8:50"}]', '8bfde6b0-a16d-46c7-a9b5-40bccde1ba4b', '11', '12'),
  ('21fe04ab-df7b-49f7-965c-71384d4160e5', 'school-attr-6a9d8831-473e-4004-bb00-2e5b593c546d', '6a9d8831-473e-4004-bb00-2e5b593c546d', NULL, '[{"note": null, "label": "Teacher", "endTime": "3:25", "startTime": "8:15"}, {"note": null, "label": "Paraprofessional", "endTime": "3:05", "startTime": "8:15"}, {"note": null, "label": "Nurse", "endTime": "3:25", "startTime": "8:15"}, {"note": null, "label": "Family Liaison", "endTime": "3:25", "startTime": "8:15"}, {"note": null, "label": "Specialist", "endTime": "3:25", "startTime": "8:15"}]', '14a9d554-3bb9-41bf-a295-ef322f46aaf9', NULL, NULL),
  ('0920cac1-b470-4669-984b-34dcb94310b2', 'school-attr-6acbd5bf-5e68-4fd3-ba74-3a9837689108', '6acbd5bf-5e68-4fd3-ba74-3a9837689108', NULL, '[{"note": null, "label": "Teacher", "endTime": "3:20", "startTime": "8:10"}, {"note": null, "label": "Paraprofessional", "endTime": "3:20", "startTime": "8:10"}, {"note": null, "label": "Nurse", "endTime": "3:20", "startTime": "8:10"}, {"note": null, "label": "Family Liaison", "endTime": "3:00", "startTime": "7:00"}, {"note": null, "label": "Specialist", "endTime": "3:20", "startTime": "8:10"}]', 'f48ea069-7abe-4b3d-a569-79f011c7f0bf', NULL, NULL),
  ('84e5afff-080e-458e-8d39-4c8abab468af', 'school-attr-6adfee2c-3330-41cc-8199-ad0bd94e97ec', '6adfee2c-3330-41cc-8199-ad0bd94e97ec', NULL, '[]', '0c609489-1909-4ab3-824b-964599f9261e', '9', '12'),
  ('fe6adedb-2ae7-4dff-87fb-13ae313cfc15', 'school-attr-7057b974-7b8b-452b-b011-23d6fef2e049', '7057b974-7b8b-452b-b011-23d6fef2e049', NULL, '[{"note": null, "label": "Teacher", "endTime": "3:25", "startTime": "8:15"}, {"note": null, "label": "Paraprofessional", "endTime": "3:10", "startTime": "8:20"}, {"note": null, "label": "Nurse", "endTime": "3:25", "startTime": "8:15"}, {"note": null, "label": "Family Liaison", "endTime": "4:00", "startTime": "8:00"}, {"note": null, "label": "Specialist", "endTime": "3:25", "startTime": "8:15"}]', 'f48ea069-7abe-4b3d-a569-79f011c7f0bf', 'PK', '8'),
  ('80b01062-8d9f-4fb3-8d3f-9a9850260fec', 'school-attr-70b8c8f3-591f-4f9f-9c68-10ecb95c2883', '70b8c8f3-591f-4f9f-9c68-10ecb95c2883', NULL, '[{"note": null, "label": "Teacher", "endTime": "3:25", "startTime": "8:15"}, {"note": null, "label": "Paraprofessional", "endTime": "3:10", "startTime": "8:30"}, {"note": null, "label": "Nurse", "endTime": "3:25", "startTime": "8:15"}, {"note": null, "label": "Family Liaison", "endTime": "4:00", "startTime": "8:00"}, {"note": null, "label": "Specialist", "endTime": "3:25", "startTime": "8:15"}]', '4dd7f299-5c7b-4e5c-901b-86b817f2247b', 'PK', '6'),
  ('77e1ef25-24f4-49cd-9d1c-49fc5cfdaa54', 'school-attr-7447c6e2-c413-4323-9420-9f550328db63', '7447c6e2-c413-4323-9420-9f550328db63', NULL, '[{"note": null, "label": "Teacher", "endTime": "1:50", "startTime": "7:20"}, {"note": null, "label": "Paraprofessional", "endTime": "1:50", "startTime": "7:20"}, {"note": null, "label": "Nurse", "endTime": "1:50", "startTime": "7:20"}, {"note": null, "label": "Family Liaison", "endTime": "1:50", "startTime": "7:20"}, {"note": null, "label": "Specialist", "endTime": "1:50", "startTime": "7:20"}]', '26d80415-f20a-483b-89a9-6d4104b7e57e', '7', '12'),
  ('95930994-a219-4018-9058-542ec0ca68d0', 'school-attr-774a1d49-8717-444f-b79d-af332e816aa5', '774a1d49-8717-444f-b79d-af332e816aa5', NULL, '[{"note": null, "label": "Teacher", "endTime": "4:25 PM", "startTime": "9:15 AM"}, {"note": null, "label": "Nurse", "endTime": "4:25 PM", "startTime": "9:15 AM"}, {"note": null, "label": "Family Liaison", "endTime": "4:30", "startTime": "8:30"}, {"note": null, "label": "Specialist", "endTime": "4:25 PM", "startTime": "9:15 AM"}]', '8bfde6b0-a16d-46c7-a9b5-40bccde1ba4b', NULL, NULL),
  ('a49d5643-106e-400d-aa08-82f1dd5c6569', 'school-attr-7e9ea117-98b0-48f2-80d2-6150f0d564e9', '7e9ea117-98b0-48f2-80d2-6150f0d564e9', NULL, '[]', NULL, NULL, NULL),
  ('75228866-c320-4ba9-8a2d-7133be97f8de', 'school-attr-83b63e0a-37f1-4fd4-a210-76c26e394b21', '83b63e0a-37f1-4fd4-a210-76c26e394b21', NULL, '[{"note": null, "label": "Teacher", "endTime": "2:30", "startTime": "7:50"}, {"note": null, "label": "Paraprofessional", "endTime": "3:00pm", "startTime": "7:00am"}, {"note": null, "label": "Nurse", "endTime": "2:30", "startTime": "7:50"}, {"note": null, "label": "Family Liaison", "endTime": "2:30", "startTime": "7:50"}, {"note": null, "label": "Specialist", "endTime": "2:30", "startTime": "7:50"}]', '0c609489-1909-4ab3-824b-964599f9261e', NULL, NULL),
  ('71381044-608f-4cc9-97b7-31d92943bab4', 'school-attr-860cdd90-bc00-4b2a-9c14-2d7831c26cc3', '860cdd90-bc00-4b2a-9c14-2d7831c26cc3', NULL, '[{"note": null, "label": "Teacher", "endTime": "4:25", "startTime": "9:15"}, {"note": null, "label": "Paraprofessional", "endTime": "4:25", "startTime": "9:15"}, {"note": null, "label": "Nurse", "endTime": "4:25", "startTime": "9:15"}, {"note": null, "label": "Family Liaison", "endTime": "5:00", "startTime": "9:00"}, {"note": null, "label": "Specialist", "endTime": "4:25", "startTime": "9:15"}]', '68cc45ba-51f6-4f01-b32a-037446fea06b', 'PK', '6'),
  ('54a215d8-b71d-483d-a0b9-b611a7fe9c4e', 'school-attr-8776bc2f-1301-4cd5-b375-e207af84cea5', '8776bc2f-1301-4cd5-b375-e207af84cea5', NULL, '[{"note": null, "label": "Teacher", "endTime": "4:25", "startTime": "9:15"}, {"note": null, "label": "Paraprofessional", "endTime": "4:25", "startTime": "9:15"}, {"note": null, "label": "Nurse", "endTime": "4:25", "startTime": "9:15"}, {"note": null, "label": "Family Liaison", "endTime": "5:00", "startTime": "9:00"}, {"note": null, "label": "Specialist", "endTime": "4:25", "startTime": "9:15"}]', 'f48ea069-7abe-4b3d-a569-79f011c7f0bf', 'PK', '8'),
  ('b0f7ae42-915a-494d-a9e8-53ecf197f3ff', 'school-attr-885a8416-ea10-4e99-bb94-f5ba8cc91767', '885a8416-ea10-4e99-bb94-f5ba8cc91767', NULL, '[{"note": null, "label": "Teacher", "endTime": "2:00", "startTime": "7:20"}, {"note": null, "label": "Paraprofessional", "endTime": "2:00", "startTime": "7:20"}, {"note": null, "label": "Nurse", "endTime": "2:00", "startTime": "7:20"}, {"note": null, "label": "Family Liaison", "endTime": "3:15", "startTime": "7:15"}, {"note": null, "label": "Specialist", "endTime": "2:00", "startTime": "7:20"}]', '26d80415-f20a-483b-89a9-6d4104b7e57e', '7', '12'),
  ('dcb3d3a6-a914-48e2-8585-a5823e8ab20f', 'school-attr-8ae93b88-839c-477c-bffe-8bb96f544338', '8ae93b88-839c-477c-bffe-8bb96f544338', NULL, '[{"note": null, "label": "Teacher", "endTime": "3:25pm", "startTime": "8:15am"}, {"note": null, "label": "Paraprofessional", "endTime": "3:20pm", "startTime": "8:30am"}, {"note": null, "label": "Nurse", "endTime": "3:25pm", "startTime": "8:15am"}, {"note": null, "label": "Family Liaison", "endTime": "4:00pm", "startTime": "8:00am"}, {"note": null, "label": "Specialist", "endTime": "3:25pm", "startTime": "8:15am"}]', '4ee1c64c-114d-461b-a94d-face3016a462', 'PK', '5'),
  ('b1b04e88-2451-4701-8154-bb17c1b91bb2', 'school-attr-8e412baf-132a-4477-b822-f226ce97aa2c', '8e412baf-132a-4477-b822-f226ce97aa2c', NULL, '[{"note": null, "label": "Teacher", "endTime": "3:25", "startTime": "8:15"}, {"note": null, "label": "Paraprofessional", "endTime": "3:15", "startTime": "8:25"}, {"note": null, "label": "Nurse", "endTime": "3:25", "startTime": "8:15"}, {"note": null, "label": "Family Liaison", "endTime": "3:30", "startTime": "7:30"}, {"note": null, "label": "Specialist", "endTime": "3:25", "startTime": "8:15"}]', '4ee1c64c-114d-461b-a94d-face3016a462', 'PK', '6'),
  ('39bf24fa-fe86-427d-9da2-7fbc28a9ddee', 'school-attr-8f4e8d8c-ca25-401c-b804-0cf3dd481859', '8f4e8d8c-ca25-401c-b804-0cf3dd481859', NULL, '[{"note": null, "label": "Teacher", "endTime": "3:45", "startTime": "8:35"}, {"note": null, "label": "Paraprofessional", "endTime": "3:45", "startTime": "8:35"}, {"note": null, "label": "Nurse", "endTime": "3:45", "startTime": "8:35"}]', '8bfde6b0-a16d-46c7-a9b5-40bccde1ba4b', '9', '12'),
  ('7f6e8e83-881e-425e-9e91-55c1ca6a5465', 'school-attr-960ae633-c757-4e35-88c6-bcc94adcc68a', '960ae633-c757-4e35-88c6-bcc94adcc68a', NULL, '[{"note": null, "label": "Teacher", "endTime": "2:40", "startTime": "7:25"}, {"note": null, "label": "Paraprofessional", "endTime": "2:25", "startTime": "7:15"}, {"note": null, "label": "Nurse", "endTime": "2:40", "startTime": "7:25"}, {"note": null, "label": "Family Liaison", "endTime": "3:00", "startTime": "7:00"}]', '8bfde6b0-a16d-46c7-a9b5-40bccde1ba4b', '7', '12'),
  ('eda986c0-6eca-481b-bebd-bb12e16d3e5f', 'school-attr-9610b2be-9ef6-4ab7-bd43-ebf4f5740578', '9610b2be-9ef6-4ab7-bd43-ebf4f5740578', NULL, '[{"note": null, "label": "Teacher", "endTime": "2:25", "startTime": "7:15"}, {"note": null, "label": "Paraprofessional", "endTime": "1:50", "startTime": "7:00"}, {"note": null, "label": "Nurse", "endTime": "2:20", "startTime": "7:20"}, {"note": null, "label": "Family Liaison", "endTime": "2:45", "startTime": "6:45"}]', 'f48ea069-7abe-4b3d-a569-79f011c7f0bf', 'PK', '6'),
  ('a6ce7dc1-f85d-425f-8cbb-045a9b00f0c7', 'school-attr-9ecc7f69-a654-4370-8033-16868b71dca0', '9ecc7f69-a654-4370-8033-16868b71dca0', NULL, '[{"note": null, "label": "Teacher", "endTime": "4:25", "startTime": "9:15"}, {"note": null, "label": "Paraprofessional", "endTime": "4:15", "startTime": "9:25"}, {"note": null, "label": "Nurse", "endTime": "4:25", "startTime": "9:15"}, {"note": null, "label": "Family Liaison", "endTime": "5:00", "startTime": "9:00"}, {"note": null, "label": "Specialist", "endTime": "4:25", "startTime": "9:15"}]', '14a9d554-3bb9-41bf-a295-ef322f46aaf9', 'PK', '6'),
  ('ee9f3a73-b153-4541-bd82-72616082b19f', 'school-attr-a0ca5c10-0d2a-4a38-8918-d2b4d6947b3a', 'a0ca5c10-0d2a-4a38-8918-d2b4d6947b3a', NULL, '[{"note": null, "label": "Teacher", "endTime": "3:25", "startTime": "8:15"}, {"note": null, "label": "Paraprofessional", "endTime": "3:15", "startTime": "8:15"}, {"note": null, "label": "Nurse", "endTime": "3:25", "startTime": "8:15"}, {"note": null, "label": "Family Liaison", "endTime": "3:25", "startTime": "8:15"}, {"note": null, "label": "Specialist", "endTime": "3:25", "startTime": "8:15"}]', '26d80415-f20a-483b-89a9-6d4104b7e57e', 'PK', '6'),
  ('ccdf642f-f44e-4e96-ac74-536e262f7dce', 'school-attr-a1f84d34-88ca-4a41-8f00-c502a7ee59be', 'a1f84d34-88ca-4a41-8f00-c502a7ee59be', NULL, '[{"note": null, "label": "Teacher", "endTime": "3:00pm", "startTime": "8:20am"}, {"note": null, "label": "Paraprofessional", "endTime": "3:00pm", "startTime": "8:20am"}, {"note": null, "label": "Nurse", "endTime": "3:00pm", "startTime": "8:20am"}, {"note": null, "label": "Specialist", "endTime": "3:00pm", "startTime": "8:20am"}]', '0c609489-1909-4ab3-824b-964599f9261e', 'PK', '1'),
  ('fb5db37f-5d44-4c13-abb2-51f6b081a445', 'school-attr-a2945464-fe23-4874-83ad-12c2e212ad88', 'a2945464-fe23-4874-83ad-12c2e212ad88', '{e68bf4ff-eea0-4ed9-99e6-9c3b685f0062}', '[{"note": null, "label": "Teacher", "endTime": "2:15", "startTime": "7:35"}, {"note": null, "label": "Paraprofessional", "endTime": "2:15", "startTime": "7:45"}, {"note": null, "label": "Nurse", "endTime": "2:15", "startTime": "7:35"}, {"note": null, "label": "Family Liaison", "endTime": "3:30", "startTime": "7:30"}, {"note": null, "label": "Specialist", "endTime": "2:15", "startTime": "7:35"}]', 'aa6d728d-caac-4c46-a30e-d7a6acc26604', '7', '12'),
  ('ed31b8ef-c06c-4a3c-a600-d3d1d65686e8', 'school-attr-a439af8b-23f1-4a19-a713-ba5df0fa2862', 'a439af8b-23f1-4a19-a713-ba5df0fa2862', NULL, '[{"note": null, "label": "Teacher", "endTime": "2:45pm", "startTime": "7:45am"}, {"note": null, "label": "Paraprofessional", "endTime": "2:45pm", "startTime": "7:45am"}, {"note": null, "label": "Nurse", "endTime": "2:45pm", "startTime": "7:45am"}, {"note": null, "label": "Family Liaison", "endTime": "3:15am", "startTime": "7:15am"}, {"note": null, "label": "Specialist", "endTime": "2:45pm", "startTime": "7:45am"}]', 'aa6d728d-caac-4c46-a30e-d7a6acc26604', NULL, NULL),
  ('3c5f7405-250e-42dc-8190-dfa793e5fa8a', 'school-attr-aab28c37-0aab-42ce-b550-a5fbb2bed066', 'aab28c37-0aab-42ce-b550-a5fbb2bed066', NULL, '[{"note": null, "label": "Teacher", "endTime": "4:00pm", "startTime": "8:30am"}, {"note": null, "label": "Paraprofessional", "endTime": "4:00pm", "startTime": "8:00am"}, {"note": null, "label": "Nurse", "endTime": "4:00", "startTime": "8:45"}, {"note": null, "label": "Family Liaison", "endTime": "4:00", "startTime": "8:00"}, {"note": null, "label": "Specialist", "endTime": "4:15", "startTime": "8:45"}]', '4dd7f299-5c7b-4e5c-901b-86b817f2247b', NULL, NULL),
  ('ebd4dfdc-45c5-4e64-b602-a1cd1f4c59de', 'school-attr-ae979c57-d69e-4989-8735-d63e0c480d9e', 'ae979c57-d69e-4989-8735-d63e0c480d9e', NULL, '[{"note": null, "label": "Teacher", "endTime": "3:20", "startTime": "8:20"}, {"note": null, "label": "Paraprofessional", "endTime": "3:10", "startTime": "8:20"}, {"note": null, "label": "Nurse", "endTime": "3:20", "startTime": "8:20"}, {"note": null, "label": "Family Liaison", "endTime": "3:10", "startTime": "8:20"}, {"note": null, "label": "Specialist", "endTime": "3:20", "startTime": "8:20"}]', '26d80415-f20a-483b-89a9-6d4104b7e57e', 'PK', '8'),
  ('b9bab789-c757-4391-a900-1cdf1394782b', 'school-attr-b2c39423-0de7-403d-909e-9bfc5bee87b7', 'b2c39423-0de7-403d-909e-9bfc5bee87b7', NULL, '[{"note": null, "label": "Teacher", "endTime": "4:25", "startTime": "9:15"}, {"note": null, "label": "Paraprofessional", "endTime": "4:10", "startTime": "9:20"}, {"note": null, "label": "Nurse", "endTime": "4:25", "startTime": "9:15"}, {"note": null, "label": "Family Liaison", "endTime": "5:00", "startTime": "9:00"}, {"note": null, "label": "Specialist", "endTime": "4:25", "startTime": "9:15"}]', '26d80415-f20a-483b-89a9-6d4104b7e57e', 'PK', '6'),
  ('eed3c159-d6da-469d-8aa4-bd275e221ea2', 'school-attr-b65b322a-1266-4c9e-80b1-1883010636ee', 'b65b322a-1266-4c9e-80b1-1883010636ee', NULL, '[{"note": null, "label": "Teacher", "endTime": "2:45", "startTime": "8:10"}, {"note": null, "label": "Paraprofessional", "endTime": "2:40", "startTime": "8:30"}, {"note": null, "label": "Nurse", "endTime": "2:40", "startTime": "8:10"}, {"note": null, "label": "Family Liaison", "endTime": "4:00", "startTime": "8:00"}, {"note": null, "label": "Specialist", "endTime": "2:40", "startTime": "8:10"}]', '4dd7f299-5c7b-4e5c-901b-86b817f2247b', 'PK', '5'),
  ('3d7a4e00-3c7e-4f42-9b0d-0e4626d3f73f', 'school-attr-b97b4408-2963-447b-822a-c6db559a026f', 'b97b4408-2963-447b-822a-c6db559a026f', NULL, '[{"note": null, "label": "Teacher", "endTime": "2:45", "startTime": "8:15"}, {"note": null, "label": "Paraprofessional", "endTime": "3:30", "startTime": "7:30"}, {"note": null, "label": "Nurse", "endTime": "2:45", "startTime": "8:15"}, {"note": null, "label": "Family Liaison", "endTime": "2:45", "startTime": "8:15"}, {"note": null, "label": "Specialist", "endTime": "2:45", "startTime": "8:15"}]', 'f48ea069-7abe-4b3d-a569-79f011c7f0bf', 'PK', '6'),
  ('23f9e227-169b-467e-a4d7-5cfe11dd1162', 'school-attr-ba68541f-17e7-4676-ad39-7e2774b87e1c', 'ba68541f-17e7-4676-ad39-7e2774b87e1c', '{55a4fa20-019c-45d5-8d9e-1a1b1a94903b}', '[{"note": null, "label": "Teacher", "endTime": "2:25", "startTime": "7:15"}, {"note": null, "label": "Paraprofessional", "endTime": "2:15", "startTime": "7:25"}, {"note": null, "label": "Nurse", "endTime": "2:25", "startTime": "7:15"}, {"note": null, "label": "Family Liaison", "endTime": "2:25", "startTime": "7:15"}, {"note": null, "label": "Specialist", "endTime": "2:25", "startTime": "7:15"}]', '26d80415-f20a-483b-89a9-6d4104b7e57e', 'K', '6'),
  ('1f0c9cd0-2887-4733-949e-6bf05278138d', 'school-attr-bbaac4f3-60b1-4a82-84a0-d0f44d381c72', 'bbaac4f3-60b1-4a82-84a0-d0f44d381c72', NULL, '[{"note": null, "label": "Teacher", "endTime": "2:10 pm", "startTime": "7:35 am"}, {"note": null, "label": "Paraprofessional", "endTime": "2:10 pm", "startTime": "7:35 am"}, {"note": null, "label": "Nurse", "endTime": "2:10 pm", "startTime": "7:35 am"}, {"note": null, "label": "Family Liaison", "endTime": "2:10 pm", "startTime": "7:35 am"}, {"note": null, "label": "Specialist", "endTime": "2:10 pm", "startTime": "7:35 am"}]', 'aa6d728d-caac-4c46-a30e-d7a6acc26604', '10', '12'),
  ('4561421b-1328-4214-99a2-cc454b101112', 'school-attr-bde793fa-d48a-4d58-8ce2-c5a11fc28e0e', 'bde793fa-d48a-4d58-8ce2-c5a11fc28e0e', NULL, '[{"note": null, "label": "Teacher", "endTime": "2:35 PM", "startTime": "8:05 AM"}, {"note": null, "label": "Paraprofessional", "endTime": "5:00 PM", "startTime": "10:50 AM"}, {"note": null, "label": "Nurse", "endTime": "3:35 PM", "startTime": "9:05 AM"}, {"note": null, "label": "Family Liaison", "endTime": "4:00 PM", "startTime": "8:00 AM"}, {"note": null, "label": "Specialist", "endTime": "2:35 PM", "startTime": "8:05 AM"}]', '4dd7f299-5c7b-4e5c-901b-86b817f2247b', 'PK', '1'),
  ('a2c6d7fb-60c9-4b12-8876-c76b73cffdc8', 'school-attr-c1adae0d-e207-4735-b24c-e0bda2147bb9', 'c1adae0d-e207-4735-b24c-e0bda2147bb9', NULL, '[{"note": null, "label": "Teacher", "endTime": "3:40 PM", "startTime": "8:20 AM"}, {"note": null, "label": "Paraprofessional", "endTime": "3:40 PM", "startTime": "8:20 AM"}, {"note": null, "label": "Nurse", "endTime": "3:40 PM", "startTime": "8:20 AM"}, {"note": null, "label": "Family Liaison", "endTime": "4:00 PM", "startTime": "8:00 AM"}, {"note": null, "label": "Specialist", "endTime": "3:40 PM", "startTime": "8:20 AM"}]', '8bfde6b0-a16d-46c7-a9b5-40bccde1ba4b', '12', '12'),
  ('5db9ed61-01fc-4353-8d1c-dac942b40f23', 'school-attr-c3a66065-5d56-4971-b5a1-551772009c57', 'c3a66065-5d56-4971-b5a1-551772009c57', NULL, '[{"note": null, "label": "Teacher", "endTime": "2:25", "startTime": "7:15"}, {"note": null, "label": "Paraprofessional", "endTime": "2:20", "startTime": "7:20"}, {"note": null, "label": "Nurse", "endTime": "2:25", "startTime": "7:15"}, {"note": null, "label": "Family Liaison", "endTime": "3:15", "startTime": "7:15"}, {"note": null, "label": "Specialist", "endTime": "2:25", "startTime": "7:15"}]', '14a9d554-3bb9-41bf-a295-ef322f46aaf9', 'PK', '8'),
  ('ccf851af-7e12-43c0-a3b1-f792d59fcde4', 'school-attr-c506bd18-d56d-4a8b-a332-a81b936d09e4', 'c506bd18-d56d-4a8b-a332-a81b936d09e4', NULL, '[{"note": null, "label": "Teacher", "endTime": "3:25", "startTime": "8:15"}, {"note": null, "label": "Paraprofessional", "endTime": "3:20", "startTime": "8:15"}, {"note": null, "label": "Nurse", "endTime": "3:25", "startTime": "8:15"}, {"note": null, "label": "Family Liaison", "endTime": "4:15", "startTime": "8:15"}, {"note": null, "label": "Specialist", "endTime": "3:25", "startTime": "8:15"}]', '14a9d554-3bb9-41bf-a295-ef322f46aaf9', 'PK', '6'),
  ('6a75df9e-e963-405f-8888-34b4e031cf14', 'school-attr-c9885015-bf17-4f98-8b00-5a6703bfefb9', 'c9885015-bf17-4f98-8b00-5a6703bfefb9', NULL, '[{"note": null, "label": "Teacher", "endTime": "3:35", "startTime": "9:05"}, {"note": null, "label": "Paraprofessional", "endTime": "3:35", "startTime": "9:05"}, {"note": null, "label": "Nurse", "endTime": "3:35", "startTime": "9:05"}, {"note": null, "label": "Family Liaison", "endTime": "4:30", "startTime": "8:30"}, {"note": null, "label": "Specialist", "endTime": "3:35", "startTime": "9:05"}]', '14a9d554-3bb9-41bf-a295-ef322f46aaf9', 'PK', '3'),
  ('f48c2030-cc5f-4d70-ae91-808f47118d24', 'school-attr-ccc8abc7-d703-455b-a8ab-edb91b781d5b', 'ccc8abc7-d703-455b-a8ab-edb91b781d5b', NULL, '[{"note": null, "label": "Teacher", "endTime": "4:25", "startTime": "9:15"}, {"note": null, "label": "Paraprofessional", "endTime": "4:15", "startTime": "9:25"}, {"note": null, "label": "Nurse", "endTime": "4:25", "startTime": "9:15"}, {"note": null, "label": "Family Liaison", "endTime": "4:45", "startTime": "8:45"}, {"note": null, "label": "Specialist", "endTime": "4:25", "startTime": "9:15"}]', '4ee1c64c-114d-461b-a94d-face3016a462', 'PK', '5'),
  ('73d6d3ab-02d6-4c1f-b930-7877a8d0fb15', 'school-attr-cd5edda3-3173-46fe-b407-8533366d0b28', 'cd5edda3-3173-46fe-b407-8533366d0b28', NULL, '[]', NULL, NULL, NULL),
  ('44eb0f21-74b0-4002-bc30-83df975aa573', 'school-attr-cf1b761d-0cca-45ce-ac38-b1c285cb7b8c', 'cf1b761d-0cca-45ce-ac38-b1c285cb7b8c', NULL, '[{"note": null, "label": "Teacher", "endTime": "4:20", "startTime": "9:20"}, {"note": null, "label": "Paraprofessional", "endTime": "4:05", "startTime": "9:30"}, {"note": null, "label": "Nurse", "endTime": "4:20", "startTime": "9:20"}, {"note": null, "label": "Specialist", "endTime": "4:20", "startTime": "9:20"}]', 'f48ea069-7abe-4b3d-a569-79f011c7f0bf', NULL, NULL),
  ('f652bdc9-7a7d-4017-b1f1-7e5179eefbcd', 'school-attr-d4a2b628-139d-410e-b1ce-2e2ec63dd3d7', 'd4a2b628-139d-410e-b1ce-2e2ec63dd3d7', NULL, '[{"note": null, "label": "Teacher", "endTime": "2:20", "startTime": "7:35"}, {"note": null, "label": "Paraprofessional", "endTime": "2:15", "startTime": "7:35"}, {"note": null, "label": "Nurse", "endTime": "2:20", "startTime": "7:35"}, {"note": null, "label": "Family Liaison", "endTime": "2:20", "startTime": "7:35"}]', '8bfde6b0-a16d-46c7-a9b5-40bccde1ba4b', '9', '12'),
  ('ce89f6fa-9292-4edb-a969-d0283671b92f', 'school-attr-d6815d09-0bef-4250-8c9e-c70f422b63d1', 'd6815d09-0bef-4250-8c9e-c70f422b63d1', NULL, '[{"note": null, "label": "Teacher", "endTime": "4:20", "startTime": "9:10"}, {"note": null, "label": "Paraprofessional", "endTime": "4:10", "startTime": "9:20"}, {"note": null, "label": "Nurse", "endTime": "4:20", "startTime": "9:10"}, {"note": null, "label": "Family Liaison", "endTime": "4:30", "startTime": "8:30"}, {"note": null, "label": "Specialist", "endTime": "4:20", "startTime": "9:10"}]', '26d80415-f20a-483b-89a9-6d4104b7e57e', 'PK', '6'),
  ('5e3eea73-361b-4a65-ace9-bc746e232298', 'school-attr-d9d31f3f-967c-4eca-b91a-24e176edacff', 'd9d31f3f-967c-4eca-b91a-24e176edacff', NULL, '[{"note": null, "label": "Teacher", "endTime": "1:30", "startTime": "7"}, {"note": null, "label": "Paraprofessional", "endTime": "3:15", "startTime": "7:15"}, {"note": null, "label": "Specialist", "endTime": "1:30", "startTime": "7:15"}]', 'f48ea069-7abe-4b3d-a569-79f011c7f0bf', 'PK', '1'),
  ('db4c4c51-7856-46aa-b56d-53ab38d624d9', 'school-attr-dc6c531b-673a-459f-a585-4be6d38fe8ba', 'dc6c531b-673a-459f-a585-4be6d38fe8ba', NULL, '[{"note": null, "label": "Teacher", "endTime": "2:45 PM", "startTime": "8:15 AM"}, {"note": null, "label": "Paraprofessional", "endTime": "2:30 PM", "startTime": "8:20 AM"}, {"note": null, "label": "Nurse", "endTime": "2:45 PM", "startTime": "8:15 AM"}, {"note": null, "label": "Family Liaison", "endTime": "4:00 PM", "startTime": "8:00 AM"}, {"note": null, "label": "Specialist", "endTime": "2:45 PM", "startTime": "8:15 AM"}]', '68cc45ba-51f6-4f01-b32a-037446fea06b', 'PK', '6'),
  ('ab77d16f-ec60-4679-85ab-d5aa01d17599', 'school-attr-df77820e-e708-4704-827f-35c6ee4caebf', 'df77820e-e708-4704-827f-35c6ee4caebf', NULL, '[{"note": null, "label": "Teacher", "endTime": "3:15pm", "startTime": "7:45am"}, {"note": null, "label": "Paraprofessional", "endTime": "3:15pm", "startTime": "7:45am"}, {"note": null, "label": "Nurse", "endTime": "3:15pm", "startTime": "7:45am"}, {"note": null, "label": "Family Liaison", "endTime": "3:15pm", "startTime": "7:45am"}, {"note": null, "label": "Specialist", "endTime": "3:15pm", "startTime": "7:45am"}]', '8bfde6b0-a16d-46c7-a9b5-40bccde1ba4b', NULL, NULL),
  ('eb4f24c6-62e6-4f1b-ba95-421946081aa7', 'school-attr-e5af561f-c068-4f99-876f-0ace1f4dca6c', 'e5af561f-c068-4f99-876f-0ace1f4dca6c', NULL, '[{"note": null, "label": "Teacher", "endTime": "3:15pm", "startTime": "8:00am"}, {"note": null, "label": "Nurse", "endTime": "3:15pm", "startTime": "8:00am"}, {"note": null, "label": "Specialist", "endTime": "12:30pm", "startTime": "8:00am"}]', '0c609489-1909-4ab3-824b-964599f9261e', '10', '12'),
  ('5b67b8ee-b781-4dda-bf0a-b603e2479a23', 'school-attr-e696fdf6-2564-4526-8f99-9239f4c26d28', 'e696fdf6-2564-4526-8f99-9239f4c26d28', NULL, '[{"note": null, "label": "Teacher", "endTime": "2:10", "startTime": "7:20"}, {"note": null, "label": "Paraprofessional", "endTime": "2:10", "startTime": "7:20"}, {"note": null, "label": "Nurse", "endTime": "2:10", "startTime": "7:20"}, {"note": null, "label": "Family Liaison", "endTime": "2:10", "startTime": "7:20"}, {"note": null, "label": "Specialist", "endTime": "2:10", "startTime": "7:20"}]', 'aa6d728d-caac-4c46-a30e-d7a6acc26604', NULL, NULL),
  ('ea429037-6f07-4eb5-b27a-af3b0cae3b6a', 'school-attr-e755f479-ba8b-4d73-9881-36cb31de8792', 'e755f479-ba8b-4d73-9881-36cb31de8792', NULL, '[{"note": null, "label": "Teacher", "endTime": "2:20", "startTime": "7:10"}, {"note": null, "label": "Paraprofessional", "endTime": "2:20", "startTime": "7:30"}, {"note": null, "label": "Nurse", "endTime": "2:20", "startTime": "7:10"}, {"note": null, "label": "Family Liaison", "endTime": "3:30", "startTime": "7:30"}, {"note": null, "label": "Specialist", "endTime": "2:20", "startTime": "7:10"}]', '14a9d554-3bb9-41bf-a295-ef322f46aaf9', 'PK', '6'),
  ('8a2390b3-e9ca-4ae9-8fe7-a2d6fa6c83f8', 'school-attr-e783dded-0e32-473a-8e37-2c33650d7e29', 'e783dded-0e32-473a-8e37-2c33650d7e29', NULL, '[{"note": null, "label": "Teacher", "endTime": "3:20pm", "startTime": "8:00 am"}, {"note": null, "label": "Paraprofessional", "endTime": "3:10pm", "startTime": "8:15am"}, {"note": null, "label": "Nurse", "endTime": "3:20pm", "startTime": "8:00 am"}, {"note": null, "label": "Family Liaison", "endTime": "4:00pm", "startTime": "8:00am"}, {"note": null, "label": "Specialist", "endTime": "3:20pm", "startTime": "8:00 am"}]', '4ee1c64c-114d-461b-a94d-face3016a462', 'PK', '8'),
  ('d2313699-482d-4fd1-bf06-ac4cf52bf8dd', 'school-attr-e81ee7e1-149e-4401-b8ae-7d993353523d', 'e81ee7e1-149e-4401-b8ae-7d993353523d', NULL, '[{"note": null, "label": "Teacher", "endTime": "3:15pm", "startTime": "8:15am"}, {"note": null, "label": "Paraprofessional", "endTime": "3:15pm", "startTime": "8:25am"}, {"note": null, "label": "Nurse", "endTime": "3:15pm", "startTime": "8:15am"}, {"note": null, "label": "Family Liaison", "endTime": "3:15pm", "startTime": "8:15am"}, {"note": null, "label": "Specialist", "endTime": "3:15pm", "startTime": "8:15am"}]', '4dd7f299-5c7b-4e5c-901b-86b817f2247b', 'PK', '6'),
  ('1158f5e9-57d3-4845-b44b-680be0c7a7f5', 'school-attr-e8d1bb06-acbc-44d7-8483-cc8a34d554e9', 'e8d1bb06-acbc-44d7-8483-cc8a34d554e9', NULL, '[{"note": null, "label": "Teacher", "endTime": "4:25", "startTime": "9:15"}, {"note": null, "label": "Paraprofessional", "endTime": "4:10", "startTime": "9:20"}, {"note": null, "label": "Nurse", "endTime": "4:25", "startTime": "9:15"}, {"note": null, "label": "Family Liaison", "endTime": "4:10", "startTime": "9:20"}, {"note": null, "label": "Specialist", "endTime": "4:25", "startTime": "9:15"}]', '14a9d554-3bb9-41bf-a295-ef322f46aaf9', 'PK', '6'),
  ('2e4426ce-fc15-4db2-9f53-556431c215a1', 'school-attr-eb8ae222-ad2d-4238-bc4c-35736a6a3ff7', 'eb8ae222-ad2d-4238-bc4c-35736a6a3ff7', NULL, '[{"note": null, "label": "Teacher", "endTime": "2:20", "startTime": "7:10"}, {"note": null, "label": "Paraprofessional", "endTime": "2:10", "startTime": "7:10"}, {"note": null, "label": "Nurse", "endTime": "2:20", "startTime": "7:10"}, {"note": null, "label": "Family Liaison", "endTime": "3:00", "startTime": "7:00"}, {"note": null, "label": "Specialist", "endTime": "2:20", "startTime": "7:10"}]', 'f48ea069-7abe-4b3d-a569-79f011c7f0bf', NULL, NULL),
  ('19a2e4dc-d04d-4f23-a60a-6c63d4015563', 'school-attr-ebc389ab-cd4f-44a7-9a69-deff26a3c746', 'ebc389ab-cd4f-44a7-9a69-deff26a3c746', NULL, '[{"note": null, "label": "Teacher", "endTime": "3:05", "startTime": "7:55"}, {"note": null, "label": "Paraprofessional", "endTime": "3:00", "startTime": "8:10"}, {"note": null, "label": "Nurse", "endTime": "3:05", "startTime": "7:55"}, {"note": null, "label": "Family Liaison", "endTime": "3:30", "startTime": "7:30"}, {"note": null, "label": "Specialist", "endTime": "3:05", "startTime": "7:55"}]', '26d80415-f20a-483b-89a9-6d4104b7e57e', 'PK', '6'),
  ('46d56722-c2fa-40bf-b053-961017469f0d', 'school-attr-eee42f09-68c9-4d99-b690-d1b4fe999484', 'eee42f09-68c9-4d99-b690-d1b4fe999484', NULL, '[{"note": null, "label": "Teacher", "endTime": "3:20 PM", "startTime": "8:20 AM"}, {"note": null, "label": "Paraprofessional", "endTime": "3:10 PM", "startTime": "8:30 AM"}, {"note": null, "label": "Nurse", "endTime": "3:20 PM", "startTime": "8:20 AM"}, {"note": null, "label": "Family Liaison", "endTime": "4:00 PM", "startTime": "8:00 AM"}, {"note": null, "label": "Specialist", "endTime": "3:20 PM", "startTime": "8:20 AM"}]', '68cc45ba-51f6-4f01-b32a-037446fea06b', NULL, NULL),
  ('3b8fa9a3-e906-447f-ac86-724b7f934a4d', 'school-attr-f009ea15-4e97-4740-86b4-70d3addf2365', 'f009ea15-4e97-4740-86b4-70d3addf2365', NULL, '[{"note": null, "label": "Teacher", "endTime": "2:10", "startTime": "7:10"}, {"note": null, "label": "Paraprofessional", "endTime": "2:00", "startTime": "7:10"}, {"note": null, "label": "Nurse", "endTime": "2:10", "startTime": "7:10"}, {"note": null, "label": "Family Liaison", "endTime": "3:00", "startTime": "7:10"}, {"note": null, "label": "Specialist", "endTime": "2:10", "startTime": "7:10"}]', '26d80415-f20a-483b-89a9-6d4104b7e57e', 'PK', '8'),
  ('33bcf077-48a6-4d95-9b34-e199fbb74571', 'school-attr-f18b7402-8652-4f2d-8e82-7463db05ef4d', 'f18b7402-8652-4f2d-8e82-7463db05ef4d', NULL, '[{"note": null, "label": "Teacher", "endTime": "4:25", "startTime": "9:15"}, {"note": null, "label": "Paraprofessional", "endTime": "4:15", "startTime": "9:25"}, {"note": null, "label": "Nurse", "endTime": "4:25", "startTime": "9:15"}, {"note": null, "label": "Family Liaison", "endTime": "5:00", "startTime": "9:00"}, {"note": null, "label": "Specialist", "endTime": "4:25", "startTime": "9:15"}]', '68cc45ba-51f6-4f01-b32a-037446fea06b', 'PK', '6'),
  ('c98b3b82-0a29-4cd8-9fe0-c33bd83ad40e', 'school-attr-f825a4cf-4abe-48e7-a923-f5d5c64ac331', 'f825a4cf-4abe-48e7-a923-f5d5c64ac331', NULL, '[{"note": null, "label": "Teacher", "endTime": "3:45", "startTime": "9:15"}, {"note": null, "label": "Paraprofessional", "endTime": "3:30", "startTime": "9:15"}]', '68cc45ba-51f6-4f01-b32a-037446fea06b', 'PK', '8'),
  ('7e64ba53-c68a-47b0-8b20-4ad3ec06b9f4', 'school-attr-fcbb910b-d021-461d-a9b2-88b6ec37da93', 'fcbb910b-d021-461d-a9b2-88b6ec37da93', NULL, '[{"note": null, "label": "Teacher", "endTime": "4:25", "startTime": "9:15"}, {"note": null, "label": "Paraprofessional", "endTime": "4:15", "startTime": "9:25"}, {"note": null, "label": "Nurse", "endTime": "4:25", "startTime": "9:15"}, {"note": null, "label": "Family Liaison", "endTime": "4:45", "startTime": "8:45"}, {"note": null, "label": "Specialist", "endTime": "4:25", "startTime": "9:15"}]', '14a9d554-3bb9-41bf-a295-ef322f46aaf9', 'PK', '6'),
  ('2dec71c0-8507-4ca7-9f84-00df04839103', 'school-attr-fedd8ba6-867d-48b8-b88b-f2018613fd9e', 'fedd8ba6-867d-48b8-b88b-f2018613fd9e', NULL, '[{"note": null, "label": "Teacher", "endTime": "4:25", "startTime": "9:15"}, {"note": null, "label": "Paraprofessional", "endTime": "4:10", "startTime": "9:20"}, {"note": null, "label": "Nurse", "endTime": "4:25", "startTime": "9:15"}, {"note": null, "label": "Family Liaison", "endTime": "4:30", "startTime": "8:30"}, {"note": null, "label": "Specialist", "endTime": "4:25", "startTime": "9:15"}]', 'f48ea069-7abe-4b3d-a569-79f011c7f0bf', 'PK', '6')

ON CONFLICT (id) DO NOTHING;

COMMIT;

-- ============================================================
-- Summary: Run this script against your production database.
-- It will insert:
--   - 11 School Types
--   -  9 Regions
--   -  3 Territories
--   - 103 School Attributes (schedules, region/type assignments)
-- Existing records are safely skipped (ON CONFLICT DO NOTHING).
-- ============================================================
