BPS Employee ID,Worker ID,Original Bargaining Unit ID
025449,3f3b3b67-bca2-460d-8d4e-a65c3a36bbc5,NULL
030006,86e3856c-f698-4008-9ce1-7b5220cf830d,NULL
031184,5d887a33-fa2d-4936-add9-d2822d675ea0,NULL
031961,56248873-bbf7-4572-8955-893f86cfb556,NULL
035377,51c14558-ad5b-45ac-86ec-739af4ae5b4d,NULL
035816,dae3ff9d-90d6-4c40-b5aa-bf9f0441cd54,NULL
036124,0b265311-fd3e-437a-b42f-1d743852dcd5,NULL
036140,056616b5-d100-47a6-ac74-8caa85cc3181,NULL
038527,2be60700-73da-4d17-962b-91447c5a75a5,NULL
039717,7fb7f8c7-0d72-4534-b5e9-4a1b16968ae6,NULL
039805,d49d58e3-a6f4-4a40-b999-8d28e17f2074,NULL
041742,8d61a07b-3ef5-40e6-8491-42e3dcc5436c,NULL
042531,aaee8610-b860-494e-ae1d-3aafe627f775,NULL
043093,917aa604-c0f9-4567-9a91-589c1a2efe6a,NULL
043865,695dbde1-15b9-47fa-9470-2f05c121c4a7,NULL
044171,80ba878b-4cc8-4cd8-8bde-cf14e61c3207,NULL
044327,d5a730aa-17ab-43b8-8c65-015a42a2e10b,NULL
044601,66c76490-f3b5-413b-97b0-b1e609dc3355,NULL
044703,6a416ba7-1d99-469e-af74-c369a24c0dee,NULL
045446,e6169305-98a1-4f09-bf10-99b33a234477,NULL
045589,b974b1bd-f817-4186-a5aa-d2f41fa55101,NULL
045698,51993f9e-f49a-4657-8949-48bdd305bf5f,NULL
046020,f320023b-d60a-4fe3-b94f-181d07d0109f,NULL
046630,94776e57-6ef6-433f-b29a-ef75f9061541,NULL
046736,0856d930-f7e0-435a-8052-986f978456d1,NULL
046995,9ff23ac8-3472-45b5-9d2b-b064612d9481,NULL
047034,c8f7bc6d-cd3a-449c-a504-c9e063022c62,NULL
047482,11a16521-3297-4e94-b922-d8600198d22e,NULL
048329,4bd4ca4d-c910-4b45-b8b6-429cdaa03bec,NULL
048341,abb8f759-3598-4626-a375-e79614b65f90,NULL
048393,65e0f3ac-d72c-476f-b5f7-a5fa5a3a8a15,NULL
048471,d7d77666-5e96-416a-ae12-12c45f6c48bd,NULL
049822,7bbdad7f-606b-4b11-aec2-d17a49f1b46e,NULL
050085,e94c5923-9cac-4e40-aab0-e0df83ea7de8,NULL
053038,37e821cd-655e-4f97-b5cc-fe7745633cde,NULL
074377,2e138f58-53ba-4eed-bbb7-b2b4fdaea4fc,NULL
074469,3a9c7824-3960-4342-88e0-7aca4bcf635c,NULL
075868,2413fd9e-dc17-4eb9-b24a-ddb784ae8b8b,NULL
077680,c1b14304-e1bc-407a-8078-639ae2459478,NULL
077681,dda4aace-7696-40a4-a9b5-a5b120b7bf1a,NULL
078119,480c71c9-0f85-464d-9023-be9aeebc3c22,NULL
078371,32ae7add-2272-4fe6-a0e1-c7bb132c72ae,NULL
078474,03e83675-3cee-4314-97fc-8ce2f7eb35ce,NULL
078516,05604d7a-d0fa-4674-ab23-5da8fff845db,NULL
080563,1d792fb9-4d50-41f5-8a4b-7d4e742e9b82,NULL
080587,41cda361-7454-4bf6-b7e3-1d1a572b4e22,NULL
081147,e0da5f85-2977-46b8-8a67-b186600a0237,NULL
081680,d520a0e9-8ce6-4d07-8e54-0f78d40c2f79,NULL
082446,095541f1-e8b5-4552-a9cf-e46c33d9a86b,NULL
082819,596c8821-2215-460f-88c2-b4b217aee116,NULL
083286,e0536088-3821-4612-93dd-f59390f53759,NULL
086961,79dc72cb-562e-40c1-9073-3e6e8d8c060a,NULL
087053,0537304d-f068-46f5-9358-7b5be25d517a,NULL
088944,7b43f7ab-e03b-4de8-b042-a5d5d3f67011,NULL
089449,3924334f-423f-419a-904d-08772e9ab5d2,NULL
089628,a7eaebe6-8991-49f2-b456-40eb7d23c146,NULL
090360,874196f0-cbde-4f7a-8418-1595e05112a8,NULL
090804,5fc0a901-83f6-4c0d-930e-a84fa234ce4d,NULL
092039,f9b831da-becd-41f0-ab55-19c51dc466fa,NULL
092642,8a28b2c4-6d0b-4e56-bf7c-a0fd0dc5ff07,NULL
092673,b98194c0-33a2-4123-a551-af824f5ee0c8,NULL
092802,85faf8c8-19f4-49e3-bd59-f296bc42931c,NULL
093285,5d2e4ae7-af34-4d52-8139-63fd8d0b61fa,NULL
093446,939bcbac-39a1-44be-b4cb-92784bd49996,NULL
094813,45006200-678d-4f48-9fcc-e8bf286e3e6f,NULL
095297,8fee0039-85b2-436e-b92b-12549e7af3c2,NULL
095608,454ad791-6d18-4546-a2dd-acf3705d8790,NULL
096306,8debcccf-5075-4e87-bf14-4a2cd7bad149,NULL
097762,0876fdf7-4684-459d-9ea9-8f2a98f84dab,NULL
097964,5e91062c-6fea-4b43-8509-c23d8a2560eb,NULL
098157,759e6af8-21bd-4b52-99ea-abca11af3788,NULL
099106,de05b5d8-24c0-4e55-bfd8-f20cb4461cf4,NULL
099232,2c501214-2f08-416b-83a8-653590c767fd,NULL
099532,24cbe4a9-efd0-4f82-bd0d-9e0af0d57db4,NULL
100193,4a73d8c7-7c06-417f-8562-6d03629a1b65,NULL
100202,4f879855-9b40-4cef-b504-153dfabb8ce6,NULL
100911,11b4c869-cb0f-4f0f-8253-6314c020b808,NULL
101538,44992935-f7ed-4e37-b601-610b5383410a,NULL
103637,981b445d-bd31-4206-ae77-1f10f3c0d94b,NULL
103919,2634ceca-53a2-4096-88e9-efd546b7dfc3,NULL
104410,8efe69e4-7622-4ebb-90e9-03101ef5fdb0,NULL
104993,85efd019-c667-412d-aa38-71c4b9f4b06b,NULL
105291,839cc1c7-05d6-4a8c-9b89-960663aa0daf,NULL
105528,626b9cf0-8266-4daa-aef9-67f481336123,NULL
105664,94c7ba15-df84-412a-9aa8-0c582a667288,NULL
105773,6c31caf2-be6a-49c5-872f-9f2716ca6026,NULL
105848,5847ef72-8212-46fb-9531-46a28996b9f2,NULL
106255,81a06cfa-be5a-4d47-883a-cf56ec7c67c7,NULL
107053,706f0d14-4ad2-4054-b22b-c58502e439e7,NULL
107163,60c04f45-c2a1-4470-ab63-03ce54ef2c68,NULL
107744,e964e1b2-47e7-4568-b377-a57eb5e3a3ea,NULL
107916,2c8ad0fc-5227-492c-8590-d1c36e0fea20,NULL
108097,15b631f7-6650-4b94-813e-f1335db666f0,NULL
108159,365ff430-c3ba-4c85-97b7-c75c9965a152,NULL
108161,cf6ad9ce-5eef-4805-bfa6-1fe12b8300b2,NULL
108322,a9fbbc5b-fa79-4b51-8d69-cdb65d51dc11,NULL
108510,1e42a7fd-12f9-4e60-8226-f3b443fe7184,NULL
110363,6da6d90b-b7fd-4615-bb80-9a0b739a026b,NULL
110589,18ff64e8-c085-4b5c-aa83-c39b47f5a38b,NULL
110645,026da100-ea64-40c3-adff-82137fb9f233,NULL
111256,99a7bfba-dc30-4863-9cf8-505bb64877c3,NULL
111856,745f253c-319f-4f03-af71-65a3f1115944,NULL
111999,c530d9c9-c511-4cf3-86fc-e57c5e85520d,NULL
112048,95b2e447-939c-4216-a9e3-bd6ec94b26ce,NULL
112863,90cff6ba-5dff-498f-88e8-65a8f202c376,NULL
113031,ce576a07-7618-4a27-ad0f-e47319b7442b,NULL
113747,64c4ef10-3a81-410e-8f2a-5b7b61b7021e,NULL
113772,f371e248-c917-42ad-904e-5adf60801c70,NULL
114286,883800a0-4e01-432e-8008-acd74fc8c74a,NULL
114901,acf6f260-c58a-498e-a3f2-2986d70aae7b,NULL
115285,3bfcae2c-3560-4f96-9b30-0303d3cb32e2,NULL
115749,6ecbc5db-d06f-4cd5-b3a9-4594346c6e9c,NULL
115788,0746a72a-2aaa-4092-b6a5-247072a94e48,NULL
115930,22bb893d-c9b0-4393-aa9a-f1f2ef1047fa,NULL
116318,4699199b-ddd9-4608-bee0-c8f953276437,NULL
116440,202cf226-8ca7-4f80-ae29-496f8cbf17f3,NULL
116665,362a664b-787f-4d7e-bb80-be55b0e14aa2,NULL
116953,d9528c83-7330-4ebd-bff9-97e4ce2beb27,NULL
117160,9a343fdb-16ec-4126-85eb-600762515a99,NULL
117340,03761e4f-0710-4aa9-a7f0-3f33049d886a,NULL
119242,15492bb8-3323-4efd-adea-9e750b9b284d,NULL
119606,fe612c20-c408-4b65-9757-7db319ab0050,NULL
119720,f63de959-ef01-4501-8685-cd7d5e7a44f1,NULL
119721,5a15c543-4f60-48d9-9f7f-fb2a594ca093,NULL
119804,46860c90-81bc-4392-bce1-10ffd2831a79,NULL
120039,c08c3b11-38f7-4866-8c89-a5b790609d54,NULL
120625,aa7534f3-15bf-4cfc-99a9-bd90d892c52d,NULL
120643,c31f3be9-3bcf-493b-b689-2c8a836b1969,NULL
124318,f35173eb-3ca9-486c-8518-a09345985961,NULL
124767,f8719514-2660-42a6-a059-5e5443b5ae30,NULL
125292,40ea4d4c-ecb9-494d-b2f8-8212484fb0db,NULL
125817,5e464943-6218-4b2d-8709-d0b5ce5fdc7f,NULL
126434,667361e1-b129-4aa6-ba68-ad8d79450bd0,NULL
127049,e3833553-aa4c-4655-95f0-bb39252562e4,NULL
127136,30f74991-527b-41b0-893d-57d6fa61543c,NULL
127359,eb5f2a3c-5794-4e10-a733-dd355ed7bc0c,NULL
127407,d810ca3e-3ceb-4ec0-9e14-b71b6787e8d0,NULL
127889,0644ed76-2461-4793-b31b-ff233d11b667,NULL
127976,1d4b58ea-d3a7-4bd7-a742-7f0629f99aac,NULL
128112,b83a5c21-ba26-422c-8bb9-a68f75324c5a,NULL
128524,f40f7941-e3cd-4182-a274-05dddec8d928,NULL
128944,1d15805a-b3da-4ff0-8543-6264103a7091,NULL
129610,d3e7071a-0d63-4984-8d9f-2ba84e48776f,NULL
130038,b6eb4f28-a723-4f35-9423-2bc709fac41d,NULL
130098,8dfe4933-70b8-4064-911f-7dd627b982f6,NULL
130102,f93dac11-7e69-4ea6-a0be-f60681144ace,NULL
130112,f01e4206-47d2-4878-a0c4-f14292a90ab2,NULL
130204,28347e64-8bcb-4ab9-a5b5-56bcb6669e9a,NULL
130764,bd76ecb2-ec3e-47c0-a69f-2fc995bbc88c,NULL
130770,382c22f2-9dbb-4538-a2ae-66ef2e1faf35,NULL
130899,afb1eec2-4349-4103-b5ca-ba58d77218c6,NULL
131079,a73f3df4-4a47-4765-9494-ebc3596105d4,NULL
131134,61beaf00-1ffa-4626-afac-e46a115c1de1,NULL
131138,bce9c7d9-cd0a-4d1c-b376-489f73d0a0bc,NULL
132595,f02fb074-cd12-497d-bacf-564d682935c5,NULL
133096,11dd752a-79df-4e57-8539-c7f0d4e2cf3c,NULL
133213,2b0ebdb1-8ada-4692-b9c5-6116b983c3cc,NULL
133845,d0400a99-824f-4a19-8f95-6056a9f0f55f,NULL
134028,88ad8d6f-08a7-45bd-a7c3-7ea3f0e17913,NULL
134531,58230f79-a3ac-46f0-a27a-a6191e4cd040,NULL
135067,15416e04-7a85-42e0-ae0b-a7ff964ffe17,NULL
135128,6a7a20c8-b419-4ab3-bb4a-918653c3eca5,NULL
135195,4b7f19f2-04c9-4975-99e9-d306c84964f7,NULL
135561,a03f907d-e74a-4c3c-82ca-292e6b5de773,NULL
135587,c570533d-099e-4151-8bae-5174ddd9eca3,NULL
135972,ffc3838e-2a46-45b7-aefe-af1b5ef0b08a,NULL
136217,96f0725c-f86a-4651-b1c3-1252bc110dc3,NULL
136262,9166ac09-d198-4cf5-b500-eb8b920b4db2,NULL
136345,0a412955-b2e1-40bf-9fad-7f132b76172c,NULL
136391,56913d7d-4e9e-4ac9-abe5-ef05de371aa9,NULL
136413,0b8ffb2a-c6e3-4b17-b8e7-aec7ba229b57,NULL
136546,00297db2-a4ad-4916-89bf-60e698fc3ea3,NULL
136603,be4d1a0d-daa3-4e76-a846-2359004c0718,NULL
136667,419a4f32-6d02-41c7-a878-2ec000e61519,NULL
136777,86b43623-007a-4e75-a403-58e5dda4e343,NULL
137121,c711c3a2-2847-4da1-bd45-b188a80a8e92,NULL
137427,e4cb9907-f693-4665-b7df-f83b0390666d,NULL
137617,564e0cdf-d2dc-4cd2-8288-2635bc537829,NULL
138428,55f80626-4a95-44d4-aa83-5e132317d34d,NULL
138858,74c56cf7-8442-4b06-9d9a-659bcf139ed2,NULL
139054,1db162f8-f1cf-4477-b75b-094797762112,NULL
139292,e5dbba2b-dc5c-4532-9a35-fa6392e87eab,NULL
139541,a30fa256-7912-4310-a942-8210a0cd45d1,NULL
139585,cce721c4-0152-449b-92ab-046288687898,NULL
139734,0e1fdf62-e990-4b33-bdb9-eae3257cdf69,NULL
139743,678c292d-833c-446a-aeab-4883a0b8000d,NULL
139764,7f4c04d2-b0e1-499c-84e8-a49aa9044888,NULL
139822,703586b9-fe32-4c40-88fa-05ce088ce4be,NULL
139834,531c3e4a-a560-42a0-82bd-02427939116b,NULL
139862,01435cf5-c4b6-4cc9-bbda-cfe524a42c05,NULL
139958,34201708-46f3-4027-999a-ca53a1a7ccca,NULL
140060,54a735b8-dd19-423c-804c-6661e36192fc,NULL
140445,3b08ece2-b59c-490e-a0ca-aa0b5cbefa04,NULL
140731,c66ba9c7-2d7d-4e08-8c8b-de1c28642044,NULL
141165,f694451d-ba72-4e80-9237-e098f5738248,NULL
141178,25683ebc-c380-4bd3-bb58-9318c67226d2,NULL
141288,f6b98771-a2dd-4517-a684-dab1ad860da1,NULL
141408,472209c4-5d4d-4fdc-9755-b3c38f0f48ff,NULL
141722,a944e4ab-3d28-48bc-aa2d-23b87a4718b8,NULL
142561,c9e2d938-9973-4fa5-a63b-114e19b5206c,NULL
142830,ae140bb9-89c3-4139-b847-4262bd1b9ffc,NULL
143077,46b19963-74ec-4e89-bf0b-e95ea7608897,NULL
143279,434e1877-9dd3-43f1-a5bd-bb3ceccf733b,NULL
143354,df3a012c-7671-4d1a-98cc-d914159e464b,NULL
143365,c989d06f-af6f-4b04-b3e9-460237ecf392,NULL
143617,602ad42e-0995-432b-89ba-04625c98c821,NULL
143683,89c6e80d-e7ec-41d4-a533-258fb92970d6,NULL
144048,2be93ed7-142c-4bb9-ae45-f144448445f5,NULL
144398,5e7d32df-d016-453f-ac96-e854a98c3da6,NULL
144937,ee17ea2c-275a-4a34-a702-84408d391722,NULL
145075,32631203-431f-4320-ae46-b7e56c19ac0d,NULL
145225,62f1786a-f50d-463b-9cff-96e88063e2c4,NULL
145361,1932615a-b4d0-46ff-bb8b-c4ab537f1922,NULL
145839,fd7b1467-10f6-42ed-8fc4-46e1cb1e345a,NULL
147706,b05d9cf7-21e8-41cb-8699-e825e7411525,NULL
148091,f398c29b-eb09-46f8-9ab6-edabdb8c79eb,NULL
148160,96fb90e1-62fc-45f8-8859-825ff0a5525d,NULL
148440,a156a47d-3bd7-48aa-a97b-fe5537d1934a,NULL
148465,a371feae-e2fb-4003-b80c-f4bf5754c04e,NULL
148488,8bc6afe4-5509-4c6c-9d72-b3797f7bb683,NULL
148565,8a1bb7d2-4d1e-4f73-9fc1-f56ab67e8a8e,NULL
148566,40399798-e3e6-41d1-a5c6-1a498935ca08,NULL
148620,098de620-82ce-4fa3-ab76-d89fed336551,NULL
148893,97d2f73a-3f7c-4b64-9699-3f99d6f8c294,NULL
148904,cdce3e5a-3c5e-4b19-a0d2-ae41f610280a,NULL
148907,ee4823ef-0cbb-4f96-9064-abc2917face2,NULL
148910,40588377-da04-4150-9eda-a4486fa3e5a0,NULL
149414,4daf646c-551c-43df-9628-72e65990c6f3,NULL
149456,dee95fac-d9ee-4403-8f26-1348166be647,NULL
149472,019d52f0-0755-4089-a9fc-502ec8eb2e65,NULL
149593,2ebbc89c-75a2-4694-821e-c1496358dab4,NULL
149776,b3438331-2774-4c8f-8fd0-7480a5f32d7c,NULL
150474,c4f7b465-075f-44cb-be8e-c5d5f15e75c5,NULL
151035,6cb17ac1-b168-41a0-8e15-59bea698e818,NULL
151177,c009cd86-9c12-49b1-a910-7ad98ad3d7eb,NULL
151406,526e985c-8cfa-4d3c-9175-db7789b50f52,NULL
151786,22f4d160-57f0-4131-850c-c37c7f1f3433,NULL
151995,ac1d7515-2e75-4464-a05d-4152452a455e,NULL
152137,a9d1553d-4cc8-4e69-979d-ca50d3973f43,NULL
152230,a4b43056-4c71-4bb9-83a6-3eb7d79c3b29,NULL
152245,64308bce-bd97-455c-b7d0-fdfb5ccbe6ea,NULL
152294,d8d4d0c6-f387-4902-a7e8-41b4e427ab0f,NULL
152322,4a32791c-6ee6-47cd-8467-50735dc1749f,NULL
152392,e0a57b80-40b9-416a-aebb-24d3e9092764,NULL
152485,34862db1-e1db-4085-ad22-85290cdf5ccd,NULL
152882,8b5a68e3-857d-40a0-b980-55d4bce41e29,NULL
152955,26af46a7-42f7-4dc9-be63-03c0e49ae429,NULL
153168,24fc7da9-bc3f-402f-a0cf-5e9a681d7af9,NULL
153651,3a92bf73-3985-46e9-929f-af0885317491,NULL
153791,5f294d7f-ae96-4dbd-8d33-9b3d1a2c4ee2,NULL
153825,aa874f86-e5eb-4f47-b0ba-4ab0b1b1424d,NULL
153901,9beb341f-b19f-4c1c-bca5-21a8e6fa51b2,NULL
153939,6c5e3f95-1f1a-424c-b3ec-f6b578cbdd9b,NULL
153968,e8ecff49-b4f6-49a3-b652-672798d19469,NULL
153977,187a8094-d8bf-42e2-8ab5-7fbb2202de36,NULL
154023,c0357821-d215-4e16-ac83-69638ea7de02,NULL
154085,ef3902b6-9d61-4135-9932-9c0349efded5,NULL
154467,c125f80c-ca5b-4443-ad92-eabe1839dd8e,NULL
155504,de9338a0-6803-4658-bb19-295b2eacb202,NULL
156002,e2a7787a-03df-4531-add4-985a8502c529,NULL
156329,220c7af4-65be-4e16-8c9c-99242942b4dc,NULL
156700,491b5008-429b-430e-9da4-114b5e1c4ba8,NULL
156769,f7ae22ac-6bd1-403b-9969-8864a79857c7,NULL
156888,a597216c-fbd7-40f7-a4d4-b0ab7c53644a,NULL
156892,4c2e052d-e810-40bd-aff0-f85ffbb5cca5,NULL
157053,f7c73c9d-e448-4b8a-8f4f-9781c3ffa018,NULL
157138,e836ccfa-4654-4d65-a3b7-622020fe8079,NULL
157880,4a57d977-c11e-419e-b206-bacf064e8f51,NULL
158286,82fedf1c-11b1-4803-b7dc-89b51bba90a6,NULL
159206,c54e8089-4d71-46b9-8277-cc4f677077a4,NULL
159676,0b1540b2-35b5-4e53-a9ea-25419ae71411,NULL
160503,dc05827f-23b0-4b67-8fb9-bf7d5a13eef4,NULL
161301,ae07254d-ded0-4af2-a5c0-1b29745c68c9,NULL
161344,04ce06f5-8a77-4941-b950-b7276f35865c,NULL
161377,5fec3b44-1ac6-4451-82e0-7a768dff08ee,NULL
161500,d9bb4a71-f4a4-4772-b522-c6d759dc438d,NULL
161545,3693fa79-5442-442a-942e-69cb719bded6,NULL
161809,23389db9-6583-477c-a270-fe04d29fee20,NULL
162060,6079e564-3831-469a-a3ef-796256a63851,NULL
162073,6439e0ff-52ea-45d3-9620-8de28ba09811,NULL
162101,081a0261-7a82-4bb4-9d84-36a9858357ee,NULL
162148,5cf85fc6-74c8-496d-8773-e6c961d18375,NULL
162299,5eea6106-6840-43d6-9f28-ccd7ba187739,NULL
162989,aa509bc1-42a6-47ea-96ea-8043cafbcb25,NULL
163163,93319dee-5a7d-4528-bb2e-ca088d299f2e,NULL
163165,e9a0e934-3e12-45a2-8984-08bc82699a18,NULL
163213,57c32331-7c11-47af-aef7-85ac43c8b2fc,NULL
163283,841800c0-3c4d-412d-a291-564291dd91de,NULL
163347,17e3fc19-b86b-4faf-9b7b-0c6a8422fde4,NULL
163432,47574b70-5fc5-4011-8fa7-5c3277e05e29,NULL
163475,360d3110-cb49-4275-86a1-01d4d9e8adaf,NULL
163488,74438901-404c-412e-9458-0a4048826c39,NULL
163514,c0c64f7b-184b-4dd0-9eff-ef6b4849c6a0,NULL
163692,9b6954bb-c4e1-466a-ad64-981d793f82b7,NULL
163732,87ed369c-956b-4711-9afa-18436749f1bb,NULL
163746,5fb4804a-9645-4f14-b376-4d49417c71e4,NULL
163920,846d76d7-9651-4c14-b7f1-aac666358f28,NULL
163960,c0931a08-c6c1-4d8c-896f-7d846a1b5d7f,NULL
163970,f0f37f3e-7631-443c-9645-441beb7050ff,NULL
164077,817c62ac-eacb-4a63-a624-b2b4e2dd5b01,NULL
164078,737d9943-ee68-4964-a999-368a90084c38,NULL
165180,d3d477a3-f4e2-45b1-8cf3-ea155a14b217,NULL
165377,078458e5-cfbb-4f2a-ae88-8627c05a9244,NULL
165595,544adad0-609b-46bb-87d8-2fb767d32b94,NULL
165600,566f7a40-fb86-466c-8bb8-55094adc8140,NULL
165707,2843fddc-d0ea-4b86-907b-8e12841158cf,NULL
165709,bb87db70-a092-4481-a3fb-24321abad7ca,NULL
165735,25f4d024-de52-45f7-a871-c3a9f93f2ccf,NULL
165877,b5f63e64-4e63-4c42-bf0d-8ad7a4ebed18,NULL
165901,1aeba1ac-aa19-4f19-a81e-b9b4c1505a3b,NULL
166027,04c5f88f-78c9-49ce-bfb2-3adc34397d74,NULL
166307,b3f1aac5-3a61-42b6-ac44-2809fe1dfd4d,NULL
166324,24ffba1c-b1bb-4034-ba32-1f47ef0b0aae,NULL
166363,bb2c6e4d-1c54-4c4a-be6f-31c516911cf0,NULL
166489,36e7359d-d468-4b00-917f-0f38c37c8c53,NULL
166490,0aa6fd3d-57eb-4837-8626-df167b24f6d1,NULL
166585,b9748f94-4e84-4300-ab60-f3d98ceac77d,NULL
166591,2381d531-1158-40d9-92ac-5183ef56962d,NULL
166787,02b831d4-a6bb-4c46-88f6-fc595b01e17a,NULL
166889,8ad5b256-0b8b-431b-a4ec-70d9a4b83926,NULL
167418,25e8bfda-fac5-48c1-9594-05a4398707fd,NULL
167556,f75c5447-52bf-4813-ab88-2845b45921e9,NULL
167677,aaf35fec-2446-4322-8da8-f4117bb20494,NULL
167956,ceff462b-a693-46bd-87cc-79538fd6879c,NULL
168030,a7279561-f2ee-4b27-ae79-513fad99df4f,NULL
168152,500a6e99-55dc-40ab-8fbe-fa94b0f40f0f,NULL
168237,c6f7eed3-0987-4e3b-8407-d2f0eb469e0c,NULL
168258,2c02700f-7e57-4c83-89e7-a7bf92406293,NULL
168336,8745904d-1bb3-4fde-8570-3591ccc9ec03,NULL
168394,ef5a3373-0f03-45ba-b73b-ede7cd0a0c90,NULL
170091,acd7c4f2-c3df-4e92-ac41-4fd44d1ef0fe,NULL
170130,c6c66ef8-cf58-44b3-a8c3-9cdd373b51e8,NULL
170542,9dcd2d6d-ae2c-4c36-a070-7317850d74cf,NULL
170810,30c65108-2e7b-4d93-8f2c-5fe08440ee61,NULL
170842,6f9ca7af-3831-4724-9391-7de19251c563,NULL
170908,57458648-e817-4984-8dcd-f2b9bb62982f,NULL
170994,a9d4dbf1-0d87-4fff-bebf-1fd6cf216602,NULL
171009,63e4eaec-2454-4403-a58d-b81b5bbda54f,NULL
171052,c2fc14d6-4c83-4732-a276-2e9e9dd95e0a,NULL
171069,6090704d-f9c4-4426-a19a-b05b53e919e5,NULL
171151,4fe05b1a-3808-4bcd-a9f1-0bbf98460f84,NULL
171401,2197bee1-486c-4c73-b76b-e2bcad58e336,NULL
171435,b5756a6f-4b4d-43f1-8e93-b7250c55a1bf,NULL
171456,5c169b38-f5e6-4b4e-8927-ad7fe0e42305,NULL
171475,0fdcfde5-73d8-435c-babe-f64eaaa88f8b,NULL
171545,c127a76b-2463-4603-9c32-4e65476eaa56,NULL
171580,560d3482-7b83-4eb5-adbd-c239eb058066,NULL
171595,193da41b-0ca4-46e0-b5f4-611125ab1117,NULL
171675,1e88d4aa-c8b5-47cc-8b53-5e8f75e6522c,NULL
172105,fa22b2a9-b304-4900-8620-c0e33793ff19,NULL
172179,e3f539bb-9b66-48a5-bb12-29fa6b1261e2,NULL
172274,b4e702f9-e4f3-4ab3-a643-02d2195fb7e2,NULL
172286,5c0f554b-733d-4232-a64d-1d6a66462462,NULL
172432,774b55f8-476e-4983-8117-0870f5f0ebea,NULL
172643,a39b6418-d4cf-416b-9e38-5011a2244cf0,NULL
172644,fa997609-2264-4e50-b69c-370f2c685d1b,NULL
172811,84a05050-f9b7-45ce-8aa8-9abb6d289020,NULL
172827,201a1838-4b16-4b86-bf1a-1d52b5609c5e,NULL
172941,343be7d2-32be-48a7-ad3f-02eb95d642ea,NULL
172954,8678000e-c17b-498c-922e-af75a6a9c35f,NULL
172955,590453a1-5c1c-46af-89be-abe5e058e7a3,NULL
172970,82b3b4e2-3d06-42a6-90bc-3ddf796a130f,NULL
172998,2b3e5caf-4085-411e-b1af-85ce2f5ef57d,NULL
173100,18977c4c-8bd9-42d5-b3dc-9b9cdbbe7531,NULL
173173,c3ce92c9-245d-4512-8a18-975cb99b3648,NULL
173192,bf433629-f389-4951-af82-b97ed8108072,NULL
173409,7fdf4b41-1214-41d1-810f-8a77ec9b6af5,NULL
173414,ddc31bb2-e794-454a-bc0c-a504e7d1f790,NULL
173550,0a225cbf-33eb-4caf-a290-56d8c680d8b0,NULL
173643,26df0e9f-1c4b-472c-85dd-d890d52ce5a3,NULL
173660,7b739c60-d98e-4b14-9eca-a4268bd5b11b,NULL
175302,3eae370f-23cf-490e-b3de-5d22b5f45505,NULL
175322,5bc4b3e2-3432-46fb-8297-04b5b677c4f1,NULL
175456,adcdc32a-c33b-433f-a94d-58caf1bc5838,NULL
175471,8410f1a2-b634-4209-9a47-4adf8664a6c9,NULL
175606,8f895d6d-f97a-4649-8d85-4221d29aef0c,NULL
175663,5b57bc96-fafc-4106-b527-2fee8821b0b3,NULL
175847,3eb22405-3c58-44d0-ac27-d3980eb978fe,NULL
175873,28d0858a-8aad-4d1b-b1c5-2c135c2fee38,NULL
176073,bc187e1a-7a76-46ef-81d2-ddaefb7026b2,NULL
176171,bba7cb4e-7188-4efa-a3aa-abda878585e3,NULL
176221,0e53ede2-0ad3-4ceb-bad3-79c921c468a6,NULL
176270,107386bd-6629-4db8-a487-7b9c302b210f,NULL
176365,5fc61252-13a2-4213-ac81-637c38c2aaa6,NULL
176463,2a59bfd7-3a6e-4c44-a7df-ed1d799f819a,NULL
176597,c72b1119-5fbd-48b2-b54f-3f4bffbc34f3,NULL
176631,961f1687-ff3d-4583-9596-c06f58b18e5b,NULL
176632,56beec87-ead4-437c-bef1-22fab7e46726,NULL
176684,91d9cfd8-13ee-45ef-8ad7-f590b7da775b,NULL
176785,23b2ddc3-9bcd-43de-91aa-ce7fe413b5b3,NULL
176839,8782e06d-4672-48b0-91f6-95e7796afdc0,NULL
177022,abdb34be-be5e-4388-b808-74c30f433e1b,NULL
177437,2742b917-cd81-49b5-8cee-0908556d0efc,NULL
177444,7b9f5dc9-412a-4d4b-a80c-3593e6edcb8f,NULL
177487,c2392333-5ab3-4611-b759-805d51fb4903,NULL
177540,e21d5993-b86e-4d49-8ffa-f6530471f127,NULL
177581,d43f6f86-2c07-432c-b0f5-8a3f827b1966,NULL
177740,625e77bc-12f9-4f6b-ad9f-295bb03fb57b,NULL
177909,520ecd45-ee5b-41b6-87d5-1a5f641b3940,NULL
177922,c2ebb793-cc79-4c1a-a430-ffe423f532e2,NULL
177947,e5917c3e-7b0e-4667-bef4-5bbfc453b6c2,NULL
177955,1ae853c7-406c-44e7-9902-dd156042daa4,NULL
177966,3fe22d9a-0b2c-427d-8833-25487d7db11a,NULL
178118,0bb3de83-7954-46ba-bbfc-833e026e289b,NULL
178147,1e41ecf9-dc11-4ce3-9f7b-89460032ca81,NULL
178207,0f4378d7-598b-4470-ba17-17bf0e90f630,NULL
178427,ea73200e-bb7e-4d0e-9ad1-c374c0c68e70,NULL
178470,8e5af197-98dc-4928-8cc9-fc39ab08d532,NULL
178490,5295607e-222d-438b-b118-94577573fb15,NULL
178511,9a13c2a7-ca74-489f-b7c1-22d91d0a8e99,NULL
178803,7523536e-5285-4b91-b9fc-29d37b84ea7e,NULL
178834,866bb2d4-17f1-48e8-ab7b-e54b17e255ab,NULL
179652,4c0912a8-b16e-468f-b11c-061081d7a435,NULL
179898,71952891-20b0-40b5-becf-8272d931a058,NULL
179926,a769ee8a-4281-4697-a0f9-761ed3c1ac0b,NULL
179938,74339045-b236-45a1-9941-bbd39896593d,NULL
180061,98356a66-437a-4ca3-90c6-d1871892e2b7,NULL
180064,92396061-ebc9-4c55-b3f7-b50d97d0f071,NULL
180223,9eca9222-d98b-4101-972c-2ba2e0156489,NULL
180228,d8e4c068-8b58-41d3-9759-e0a80e8c876d,NULL
180229,d861e2fe-fb67-435b-a8d3-c8d0a90f2a04,NULL
180232,ff9b586f-3ebd-4405-8718-b9b858302967,NULL
180259,f5a7b3eb-055d-4a53-b9b6-358ead52411a,NULL
180321,7674f1a7-7509-4b3b-8ed1-455901d57b32,NULL
180931,09adb7ad-3fe7-4242-af52-22eca93b961d,NULL
181000,ae7d566e-f042-45a5-b69a-51a0ab17aae6,NULL
181121,a7b308b9-d0b9-4617-b34c-bc82b2a040d0,NULL
181136,2464ee7d-eaac-46f4-93bd-442dd8798537,NULL
181155,6e5eee9b-c3f3-4932-9950-282e3f047223,NULL
181428,6b04937b-f73f-4bc4-8f51-38aad00dd5ed,NULL
181580,70cc512c-2a45-45da-9432-6205352661a1,NULL
181669,c95364b5-4678-4910-a7ef-81b06a2bcac7,NULL
181768,4387c96d-e8e0-4edc-be24-6762838a49d5,NULL
181828,793ca502-705d-48c7-8de0-eef015ec6266,NULL
181922,f1380778-3878-4788-97a9-1cef6132aece,NULL
181931,70740cef-b380-4219-b37d-420a873fc29c,NULL
182526,164f5d60-f5f4-4d68-9e76-41929c7b9341,NULL
182587,933873ae-9cfb-42b3-8979-c9ae08aee638,NULL
182849,6a52596d-aae3-4a57-8c58-46abad9554ab,NULL
182974,b363afe9-5321-4857-8c7d-3aabb4685d3a,NULL
183383,5a43c490-b2b1-4af7-8b78-63ce554b84e1,NULL
184040,1db7275a-bb42-4f40-a13a-5c508b060eb6,NULL
184050,73f05d5d-05d3-49ec-bd78-a93758473424,NULL
184360,e7976717-675c-499b-9505-681f4b1052b9,NULL
184361,e221a521-e9aa-483e-9a85-c86f16b1b20d,NULL
184366,4041fd4f-2a95-4017-8b84-badfa1bb399f,NULL
184462,848b370b-4ea8-4248-a4e5-3883daa2354e,NULL
184464,4447ae6e-e318-4efc-8cee-726fcfbf3369,NULL
184662,2b0e71c0-f7d3-4cbf-8ac8-c0eadc1c12ca,NULL
184690,6765f698-ac3a-4225-8952-13cab676ffdc,NULL
184728,ed4f9b6a-809e-463d-bebd-9ba4672f46b4,NULL
184732,5f4282f8-f80b-45f7-93bf-5ad2bfc1a21b,NULL
184813,0b6d125b-d6bb-4b24-aa15-c540f5ba72c1,NULL
184814,28ee5b84-121a-4a38-a440-a5b40cef95c5,NULL
184816,83120e51-98f0-42e6-9539-c87a4491aa3c,NULL
184934,2fdedae3-9efe-4809-a287-fe4eea3e6e47,NULL
185183,b9bf8d68-96aa-4449-9bb8-9e91d1d146ca,NULL
185188,09a96c1d-f2f7-4513-a996-587b04351ec5,NULL
185189,567f25c8-ba01-4e9c-abdb-6ec564d8b546,NULL
185225,cd3267f9-19b5-407d-8054-5d069ae41af7,NULL
185261,b4507981-bcd3-4c77-87e2-ab0a7a0185b5,NULL
185306,eccfa431-69da-4f92-b166-203451df2d82,NULL
185374,ffb282c7-103d-4fb3-b6a3-82743629614c,NULL
185486,77b7b919-e860-4763-996c-ce3fc7359de0,NULL
185699,d99a9910-95b8-4491-bada-1d672b254d6c,NULL
185815,d8d9c781-e734-4b5d-8766-ee6202e13da9,NULL