"Content","Employer","Industry","ID","External ID","Contract","Tools"
"","COMPASS/EUREST AT AA LOUNGE","Hospitality","C0591",""," 2026.03.09 - COMPASS_Eurest American Airlines CBA - 2025.09.01 - 2028.06.30 FINAL.pdf","Uploads Contacts Users AccountsWorkers"
"","CREWS OF CALIFORNIA","Hospitality","C0800",""," Crews H&W Language Arbitration Decision 7-1-2023 through 6-30-2028.pdf","Uploads Contacts Users AccountsWorkers"
"","COMPASS/EUREST AT RAYTHEON EL SEGUNDO","Hospitality","C873D",""," 2024.02.29 MOU re Santa Monica Health Benefit Fund for Compass AA Loung.pdf","Uploads Contacts Users AccountsWorkers"
"","JETWAY ","Hospitality","C0300",""," Jetway Express - CBA - 2016-2018.pdf","Uploads Contacts Users AccountsWorkers"
"","DNC ","Hospitality","C0550",""," 2023-2028 LAX- THS CBA - Executed.pdf","Uploads Contacts Users AccountsWorkers"
"","PARADIES LB ","Hospitality","C0652",""," Term Sheet for LBA and SNA CBA (signed by PLTR).pdf","Uploads Contacts Users AccountsWorkers"
"","PARADIES SNA","Hospitality","C0655",""," Term Sheet for LBA and SNA CBA (signed by PLTR).pdf","Uploads Contacts Users AccountsWorkers"
"","PARADIES - LOS ANGELES ","Hospitality","C0656",""," Paradies Lagardere LAX Benefit Allocation 7-1-2023pdf.pdf","Uploads Contacts Users AccountsWorkers"
"","HUDSON LAX","Hospitality","C0700",""," Hudson LAX Me Too Agreem_001.pdf","Uploads Contacts Users AccountsWorkers"
"","HUDSON SNA","Hospitality","C0725",""," Hudson SNA -Me Too Agree_001.pdf","Uploads Contacts Users AccountsWorkers"
"","ARAMARK AT BOEING EL SEGUNDO","Hospitality","C0870",""," Aramark Boeing El Segundo - CBA - exp.12.31.2022.pdf","Uploads Contacts Users AccountsWorkers"
"","AREAS USA ","Hospitality","C0890",""," 2024.03.26 Areas LAX- Term Sheet (Final) signed.pdf","Uploads Contacts Users AccountsWorkers"
"","HMS HOST ","Hospitality","C0891",""," Current HMS HOST CBA.pdf","Uploads Contacts Users AccountsWorkers"
"","SOCAL CONCESSIONS","Hospitality","C0950",""," Socal Concessions LAX - CBA - 2017-2018.pdf","Uploads Contacts Users AccountsWorkers"
"","FLYING FOOD GROUP  ","Restaurant","C0991","","No contract on file.","Uploads Contacts Users AccountsWorkers"
"","CONCORD COLLECTIVE PARTNERS","Hospitality","C0993",""," Concord Collective LAX - CBA - 2021-2023 CC.pdf","Uploads Contacts Users AccountsWorkers"
"","SODEXO MATTEL","Hospitality","C0835",""," 2026.02.09 Sodexo at Mattel CBA 2022.07.01 - 2027.06.30. Final.pdf","Uploads Contacts Users AccountsWorkers"
"","SODEXO at Mattel Design Center","Hospitality","C0834",""," 2026.02.09 Sodexo at Mattel CBA 2022.07.01 - 2027.06.30. Final.pdf","Uploads Contacts Users AccountsWorkers"
"","LEVY RESTAURANTS AT CRYPTO","Hospitality","C0915",""," 7.1.26 Crypto Arena - H&W Granfathered Employees from Forum.pdf","Uploads Contacts Users AccountsWorkers"
"","ARAMARK AT ANAHEIM CONVENTION CENTER","Hospitality","H0120",""," Anaheim Convention Ctr (12-31-24) CBA not signed.pdf","Uploads Contacts Users AccountsWorkers"
"","HILTON SANTA MONICA HOTEL AND SUITES","Hospitality","C0275",""," Hilton Santa Monica June 1 2022 to May 31 2027 (003).pdf","Uploads Contacts Users AccountsWorkers"
"","VICEROY SANTA MONICA","Hospitality","C0525",""," Viceroy -  MOU on Economics Plus Appendices A and B and Side Letter Executed - 4.20.24.pdf","Uploads Contacts Users AccountsWorkers"
"","FAIRMONT MIRAMAR HOTEL","Hospitality","C0101",""," Fairmont Miramar  - MOU on Economics Executed - 12.26.23.pdf","Uploads Contacts Users AccountsWorkers"
"","REGENT SANTA MONICA BEACH HOTEL","Hospitality","C0112",""," Loews Santa Monica aka Regent - Final Renovation Agreement Employer and Owner Signed - 3.24.23.pdf","Uploads Contacts Users AccountsWorkers"
"","1 HOTEL WEST HOLLYWOOD","Hospitality","C0150",""," 1 Hotel - MOU on Economics Executed - 1.11.24.pdf","Uploads Contacts Users AccountsWorkers"
"","DOUBLETREE DTLA","Hospitality","B0480",""," Doubletree DTLA - MOU on Economics Executed - 5.23.24.pdf","Uploads Contacts Users AccountsWorkers"
"","DOUBLETREE HOTEL SAN PEDRO","Hospitality","C0280",""," San Pedro Doubletree - MOU on Economics Executed - 6.5.24.pdf","Uploads Contacts Users AccountsWorkers"
"","HYATT CENTRIC DELFINA SANTA MONICA","Hospitality","C0350",""," Le Meridien Delfina -  MOU on Economics Plus Appendices A and B and Side Letter Executed - 4.20.24 (003).pdf","Uploads Contacts Users AccountsWorkers"
"","LAGUNA CLIFFS MARRIOTT RESORT & SPA","Hospitality","C0375",""," Laguna Cliffs Marriott - 2023 - 2028 CBA Executed - 1.26.24.pdf","Uploads Contacts Users AccountsWorkers"
"","HOTEL MAYA","Hospitality","C0425",""," 2023-2028 - Hotel Maya - CBA [Fully Executed].pdf","Uploads Contacts Users AccountsWorkers"
"","CAMEO BEVERLY HILLS","Hospitality","C0675",""," Copy of Mr C - CBA FINAL SIGNED Exp 6.30.24 - 10.16.21.pdf","Uploads Contacts Users AccountsWorkers"
"","SANTA MONICA PROPER HOTEL","Hospitality","C0710",""," Proper Santa Monica - MOU on Economics Executed Corrected Version - 4.14.24.pdf","Uploads Contacts Users AccountsWorkers"
"","EMBASSY SUITES IRVINE","Restaurant","C0775",""," Embassy Suites Irvine Orange County Airport - CBA 2023 to 2028 Executed - 7.27.24.pdf","Uploads Contacts Users AccountsWorkers"
"","COURTYARD MARRIOTT SANTA MONICA","Hospitality","C0810",""," Marriott - MOU Economics + App A (Growth) + App B (Lang) + Side Ltrs ( Minus W Hwood) Executed - 12.15.23.pdf","Uploads Contacts Users AccountsWorkers"
"","SHERATON GATEWAY HOTEL","Hospitality","C0825",""," Sheraton Gateway - MOU on Economics Executed - 12.21.23.pdf","Uploads Contacts Users AccountsWorkers"
"","SLS HOTEL","Hospitality","C0855",""," Marriott - MOU Economics + App A (Growth) + App B (Lang) + Side Ltrs ( Minus W Hwood) Executed - 12.15.23.pdf","Uploads Contacts Users AccountsWorkers"
"","HILTON GARDEN INN LAX/EL SEGUNDO","Restaurant","C0860",""," Hilton Garden Inn El Segundo - Economics MOU Executed - 12.31.24.pdf","Uploads Contacts Users AccountsWorkers"
"","PASADENA HILTON","Hospitality","C0865",""," Hilton Pasadena - MOU on Economics Executed - 5.23.24.pdf","Uploads Contacts Users AccountsWorkers"
"","ALOFT HOTEL AND FAIRFIELD INN EL SEGUNDO","Hospitality","C0872",""," Aloft and Fairfield - MOU on Economics Executed - 5.21.24.pdf","Uploads Contacts Users AccountsWorkers"
"","HOLIDAY INN LAX","Hospitality","C0875",""," Holiday Inn LAX -MOU on Economics Executed - 5.23.24.pdf","Uploads Contacts Users AccountsWorkers"
"","HAMPTON INN & SUITES SANTA MONICA","Hospitality","C0881",""," Hampton Inn and Suites Santa Monica - CBA Contract Settlement - MOA Fully Executed 03.23.2023.pdf","Uploads Contacts Users AccountsWorkers"
"","WESTIN LAX HOTEL","Hospitality","C0895",""," Marriott - MOU Economics + App A (Growth) + App B (Lang) + Side Ltrs ( Minus W Hwood) Executed - 12.15.23.pdf","Uploads Contacts Users AccountsWorkers"
"","SOTO & SANCHEZ","Hospitality","C0900","","No contract on file.","Uploads Contacts Users AccountsWorkers"
"","HYATT REGENCY LAX ","Hospitality","C0930",""," Hyatt Regency - MOU on Economics Executed - 6.11.24.pdf","Uploads Contacts Users AccountsWorkers"
"","JUNE HOTEL","Hospitality","C0938",""," Hotel June - MOU on Economics Executed - 4.11.24.pdf","Uploads Contacts Users AccountsWorkers"
"","W HOLLYWOOD HOTEL","Hospitality","C0980",""," W Hollywood - CBA MOU July 30 2023 to Jan 15 2028 Executed - 7.1.24.pdf","Uploads Contacts Users AccountsWorkers"
"","WESTIN LONG BEACH","Hospitality","C0995",""," Westin Long Beach - MOU on Economics Executed - 8.27.24.pdf","Uploads Contacts Users AccountsWorkers"
"","FAIRMONT CENTURY PLAZA","Hospitality","H0125",""," Fairmont Century Plaza  - Owner MOU on Growth Executed - 1.12.24.pdf","Uploads Contacts Users AccountsWorkers"
"","ANAHEIM HILTON","Hospitality","H0150",""," Anaheim Hilton - MOU on Economics Executed - 12.8.23.pdf","Uploads Contacts Users AccountsWorkers"
"","HYATT ANDAZ WEST HOLLYWOOD","Hospitality","H0175",""," Hyatt Shay Hyatt Andaz Hyatt Regency Long Beach Hyatt Centric LB - MOU on Economics Appendix A (Growth) Appendix B (Language) Side Lett.pdf","Uploads Contacts Users AccountsWorkers"
"","BALBOA BAY CLUB ","Hospitality","H0225",""," Balboa Bay Club MOU on Economics Executed - 7.4.24.pdf","Uploads Contacts Users AccountsWorkers"
"","BEVERLY HILTON ","Hospitality","H0250",""," Beverly Hilton - MOU on Economics Executed - 12.8.23.pdf","Uploads Contacts Users AccountsWorkers"
"","BEVERLY WILSHIRE HOTEL","Hospitality","H0280",""," Beverly Wilshire - Memorandum of Agreement on Economics Executed - 12.11.23.pdf","Uploads Contacts Users AccountsWorkers"
"","WESTDRIFT MANHATTAN BEACH","Hospitality","H0300",""," Westdrift - MOU on Economics Executed - 3.22.24.pdf","Uploads Contacts Users AccountsWorkers"
"","COURTYARD MARRIOTT DTLA","Hospitality","H0310",""," Marriott - MOU Economics + App A (Growth) + App B (Lang) + Side Ltrs ( Minus W Hwood) Executed - 12.15.23.pdf","Uploads Contacts Users AccountsWorkers"
"","DISNEY RESORT","Hospitality","H0325",""," 2022-2026 DLR Local 11 Final Bolded Contract 01-11-23 Signed.pdf","Uploads Contacts Users AccountsWorkers"
"","COSTA MESA HILTON (ORANGE CNTY/COSTA MESA)","Hospitality","H0350",""," Costa Mesa Hilton -MOU on Economics Executed - 12.8.23.pdf","Uploads Contacts Users AccountsWorkers"
"","MILLENNIUM BILTMORE HILTON","Hospitality","H0360",""," Millennium Biltmore - CBA - 2018-2023 - (Final)-2 2021 KPP.pdf","Uploads Contacts Users AccountsWorkers"
"","HOTEL INDIGO LOS ANGELES DOWNTOWN","Hospitality","H0375",""," INDIGO CBA.pdf","Uploads Contacts Users AccountsWorkers"
"","INTERCONTINENTAL DTLA","Hospitality","H0400",""," INTERCON CBA.pdf","Uploads Contacts Users AccountsWorkers"
"","IRVINE MARRIOTT ","Hospitality","H0425",""," Irvine Marriott Hotel - CBA - 2019-2023.pdf","Uploads Contacts Users AccountsWorkers"
"","LOEWS HOLLYWOOD HOTEL","Hospitality","H0450",""," Loews Hollywood - Side Letter on MOU on Economics Executed  - 3.21.24.pdf","Uploads Contacts Users AccountsWorkers"
"","E CENTRAL HOTEL","Hospitality","H0475",""," E Central - MOU on Economics E Executed - 12.19.2023.pdf","Uploads Contacts Users AccountsWorkers"
"","JW MARRIOTT DTLA","Hospitality","H0500",""," Marriott - MOU Economics + App A (Growth) + App B (Lang) + Side Ltrs ( Minus W Hwood) Executed - 12.15.23 (002).pdf","Uploads Contacts Users AccountsWorkers"
"","SHERATON GRAND HOTEL","Hospitality","H0560",""," Marriott - MOU Economics + App A (Growth) + App B (Lang) + Side Ltrs ( Minus W Hwood) Executed - 12.15.23 (002).pdf","Uploads Contacts Users AccountsWorkers"
"","SHERATON PARK HOTEL","Hospitality","H0575",""," Sheraton Park - MOU on Economics Executed - 5.23.24.pdf","Uploads Contacts Users AccountsWorkers"
"","SHERATON UNIVERSAL HOTEL","Hospitality","H0600",""," Sheraton Universal - MOU on Economics + Appendix A (Growth) + Appendix B (Language) - 3.29.24.pdf","Uploads Contacts Users AccountsWorkers"
"","LA HOTEL DOWNTOWN (GRAND)","Hospitality","H0625",""," LA Grand - MOU on Economics + Appendix A (Growth) + Appendix B (Language) Executed - 7.1.24.pdf","Uploads Contacts Users AccountsWorkers"
"","LINE HOTEL","Hospitality","H0675",""," The Line - MOU on Economics Executed - 1.10.24.pdf","Uploads Contacts Users AccountsWorkers"
"","USC ","Hospitality","H0800",""," USC CBA 7.1.2019 6.30.2023 (002).pdf","Uploads Contacts Users AccountsWorkers"
"","IRVINE HILTON","Hospitality","H0801",""," Hilton Irvine - MOU on Economics Fully Executed - 12.18.23 (004).pdf","Uploads Contacts Users AccountsWorkers"
"","VAGABOND MOTEL","Hospitality","H0850",""," Vagabond Motel Unite Here 11 MOA Agreement Executed 081122.pdf","Uploads Contacts Users AccountsWorkers"
"","W WESTWOOD HOTEL","Hospitality","H0875",""," Marriott - MOU Economics + App A (Growth) + App B (Lang) + Side Ltrs ( Minus W Hwood) Executed - 12.15.23.pdf","Uploads Contacts Users AccountsWorkers"
"","WALDORF ASTORIA BEVERLY HILLS","Hospitality","H0900",""," Waldorf Astoria - MOU on Economics Executed - 12.8.23.pdf","Uploads Contacts Users AccountsWorkers"
"","WESTIN BONAVENTURE HOTEL","Hospitality","H0950",""," Westin Bonaventure -  MOU on Economics Plus Appendices A and B and Side Letter Executed - 4.20.24.pdf","Uploads Contacts Users AccountsWorkers"
"","HYATT REGENCY LONG BEACH","Hospitality","N0450",""," Hyatt Shay Hyatt Andaz Hyatt Regency Long Beach Hyatt Centric LB - MOU on Economics Appendix A (Growth) Appendix B (Language) Side Lett.pdf","Uploads Contacts Users AccountsWorkers"
"","HYATT CENTRIC THE PIKE LONG BEACH","Hospitality","N0475",""," Hyatt Shay Hyatt Andaz Hyatt Regency Long Beach Hyatt Centric LB - MOU on Economics Appendix A (Growth) Appendix B (Language) Side Lett.pdf","Uploads Contacts Users AccountsWorkers"
"","PHILIPPE THE ORIGINAL","Restaurant","C0111",""," Philippe The Original and Unite Here 11 Tentative Agreement (10.8.21).pdf","Uploads Contacts Users AccountsWorkers"
"","GARDENA BOWL","Restaurant","C0133",""," Gardena Bowl- CBA - exp. 12.31.2022.pdf","Uploads Contacts Users AccountsWorkers"
"","GARDENA BOWL COFFEE SHOP","Restaurant","C0135",""," Gardena Bowl- CBA - exp. 12.31.2022.pdf","Uploads Contacts Users AccountsWorkers"
"","LANGER'S DELICATESSEN","Restaurant","C0200",""," Langer's Deli - CBA - 2016-2021 (1).pdf","Uploads Contacts Users AccountsWorkers"
"","LANGER'S DELICATESSEN (Kaiser members)","Hospitality","C0201","","No contract on file.","Uploads Contacts Users AccountsWorkers"
"","W HOLLYWOOD RESTAURANT (THERE THERE) (formerly Mosaic)","Restaurant","C0250",""," 2024-11-20-w-hollywood-side-letter-re-insurance - finalized FRMLY MOSAIC.pdf","Uploads Contacts Users AccountsWorkers"
"","NORDONDO CLUB","Restaurant","C0255","","No contract on file.","Uploads Contacts Users AccountsWorkers"
"","HUDSON ONTARIO","Hospitality","C0892",""," 2024.04.15 Hudson ONT Te_001.pdf","Uploads Contacts Users AccountsWorkers"
"","LONG BEACH YACHT CLUB","Hospitality","C2695",""," CBA 2020-2025.pdf","Uploads Contacts Users AccountsWorkers"
"","CALIFORNIA CLUB","Hospitality","H0275",""," California Club Signed MOA 2024.pdf","Uploads Contacts Users AccountsWorkers"
"","UNITE HERE LOCAL 11 BENEFIT (C0090)","Participation Agreement","C0090",""," FINAL PA BAO Health Fund.pdf","Uploads Contacts Users AccountsWorkers"
"","UNITE HERE LOCAL 11 STAFF","Participation Agreement","C0100",""," 2026 COBRA Exec UHL11.pdf","Uploads Contacts Users AccountsWorkers"
"","HOSPITALITY INDUSTRY TRAINING (HTA)","Participation Agreement","C0125",""," HTA SM Fund participation agreement final (002).pdf","Uploads Contacts Users AccountsWorkers"
"","DOWNTOWN LA PROPER HOTEL","Hospitality","C0285",""," Proper DTLA - MOU on Economics Executed Corrected Version - 4.14.24.pdf","Uploads Contacts Users AccountsWorkers"
"","ASM GLOBAL AT LONG BEACH CONVENTION CENTER - Unite Here Plan","Hospitality","C0325",""," ASM at Long Beach Convention Center - CBA expiring January 15 2028 Executed - 6.26.28.pdf","Uploads Contacts Users AccountsWorkers"
"","SANDBOURNE HOTEL ","Hospitality","C0475",""," Le Merigot Sandbourne - 6.30.23 Side Letter FINAL Executed - 10.8.24.pdf","Uploads Contacts Users AccountsWorkers"
"","CHATEAU MARMONT","Hospitality","C0625",""," Chateau Marmont - UNITE HERE Local 11 CBA (2022-2026) Final(2028986.1).pdf","Uploads Contacts Users AccountsWorkers"
"","SONESTA REDONDO BEACH HOTEL","Hospitality","C0840",""," Sonesta Redondo Beach - Collective Bargaining Agreement Final Signed - 5.13.21.pdf","Uploads Contacts Users AccountsWorkers"
"","SHAY HOTEL","Hospitality","C0885",""," Hyatt Shay Hyatt Andaz Hyatt Regency Long Beach Hyatt Centric LB - MOU on Economics Appendix A (Growth) Appendix B (Language) Side Lett.pdf","Uploads Contacts Users AccountsWorkers"
"","FOX STUDIOS","Hospitality","H0975",""," Fox Studio Lot LLC  Local 11 - CBA - (May 1 2021 to April 30 2025).pdf","Uploads Contacts Users AccountsWorkers"
"","WORKER POWER PAC","Hospitality","C0085",""," SMUH - Employer Rate Change Power PAC 9.2024.pdf","Uploads Contacts Users AccountsWorkers"
"","GUCKENHEIMER AT GOOGLE ","Hospitality","C0277",""," 2024-2027 CBA LA and Orange County Google ISS Guckenheimer - fully executed.pdf","Uploads Contacts Users AccountsWorkers"
"","LEGENDS AT SOFI STADIUM","Event Center","V0551",""," SoFi - CBA FINAL VERSION - 1.30.23- executed.pdf","Uploads Contacts Users AccountsWorkers"
"","SANTA ANITA RACE TRACK","Event Center","V0702",""," Santa Anita - CBA Final Signed Expires September 30 2026 - 4.22.23.pdf","Uploads Contacts Users AccountsWorkers"
"","JONATHAN CLUB","Hospitality","H0460","H0460"," Jonathan Club - Final Version CBA 2019 to 2024 - Signed by JC 3.27.24.pdf","Uploads Contacts Users AccountsWorkers"
"","LOS ALAMITOS RACE TRACK","Event Center","V3286",""," Los Alamitos Racetrack - CBA 2023-2025 Executed - 12.28.23.pdf","Uploads Contacts Users AccountsWorkers"
"","THOMPSON AT GOOGLE ","Hospitality","C0278","C0278"," Thompson Hospitality CBA Google Vista.pdf","Uploads Contacts Users AccountsWorkers"
"","CONRAD LOS ANGELES","Hospitality","H0305","H0305"," Conrad LA - CBA Expires 1.15.28 Executed - 5.15.24.pdf","Uploads Contacts Users AccountsWorkers"
"","DISABILITY","Event Center, Hospitality, Participation Agreement, Restaurant","D9999","D9999","No contract on file.","Uploads Contacts Users AccountsWorkers"
"","DISABILITY-INDUSTRIAL","","I9999","I9999","No contract on file.","Uploads Contacts Users AccountsWorkers"
"","COBRA Employer","Event Center, Hospitality, Participation Agreement","COBRA",""," FMLA flyer.pdf","Uploads Contacts Users AccountsWorkers"
"","ASM GLOBAL AT GREEK THEATRE","Hospitality","C5575",""," Final CBA 2021-2024 Greek Theatre-Local 11 - Fully Executed Copy w- Corrected Wage Schedule A (01117132-2xBDC14) (1).pdf","Uploads Contacts Users AccountsWorkers"
"","LINBROOK BOWL","Hospitality","H2932",""," Linbrook MOA 2024-2029.pdf","Uploads Contacts Users AccountsWorkers"
"","LAGUNA BEACH PACIFIC EDGE HOTEL","Hospitality","C2397",""," Pacific Edge Final CBA 2025 - January 15 2028 CBA Final Executed.pdf","Uploads Contacts Users AccountsWorkers"
"","SOFITEL","Hospitality","C0815",""," Sofitel  - MOU on Economics Executed - 1.30.24 (1).pdf","Uploads Contacts Users AccountsWorkers"
"","MOXY + AC HOTEL","Hospitality","H0680",""," AC Moxy DTLA - CBA Exp 1.15.28 Executed - 5.13.24.pdf","Uploads Contacts Users AccountsWorkers"
"","HOTEL FIGUEROA","Hospitality","H0430",""," Hotel Figueroa - MOU on Economics Plus Appendices A and B Employer Executed - 8.12.24 (003).pdf","Uploads Contacts Users AccountsWorkers"
"","GLENDALE HILTON","Hospitality","H0380","B0380"," Glendale Hilton - MOU on Economics Executed - 8.11.24.pdf","Uploads Contacts Users AccountsWorkers"
"","Eventy Employer","Event Center","","","No contract on file.","Uploads Contacts Users AccountsWorkers"
"","My Shop Name","Event Center","12341234","01010101","No contract on file.","Uploads Contacts Users AccountsWorkers"
"","LA HABRA BOWL","Hospitality","",""," 2025.01.28 LaHabra Bowl Health Care MOA.pdf","Uploads Contacts Users AccountsWorkers"
"","SSP ONTARIO","Hospitality","C0992",""," ONT SSP America CBA exp 2028.03.15 final executed.pdf","Uploads Contacts Users AccountsWorkers"
"","WORKER POWER NONPROFIT","Participation Agreement","C0086",""," Worker Power Non Profit PA w SM Fund.pdf","Uploads Contacts Users AccountsWorkers"
"","UNKNOWN","","UK","UK","No contract on file.","Uploads Contacts Users AccountsWorkers"
"","HIGHER WAGES LOWER RENT","Participation Agreement","","","No contract on file.","Uploads Contacts Users AccountsWorkers"
"","Marshall Retail (UHP - Kaiser)","Hospitality","",""," 2025.09.08 - 2028.06.30 Marshall Retail LAX CBA Final.pdf","Uploads Contacts Users AccountsWorkers"
"","Marshall Retail (RP)","Restaurant","",""," 2025.09.08 - 2028.06.30 Marshall Retail LAX CBA Final.pdf","Uploads Contacts Users AccountsWorkers"
"","PAYMENTS PENDING","","PAYMENTS_PENDING","","No contract on file.","Uploads Contacts Users AccountsWorkers"
"","LEGENDS AT BMO","Event Center","",""," 2026.06.22 Legends at BMO LAFC Stadium CBA July 1 2023 to April 30 2028 Executed.pdf","Uploads Contacts Users AccountsWorkers"
"","ASM GLOBAL AT LONG BEACH CONVENTION CENTER - Event Center Plan","Event Center","","","No contract on file.","Uploads Contacts Users AccountsWorkers"
"","COMPASS/BAMCO AT DISNEY BURBANK AND GLENDALE","Event Center","",""," Final Executed Compass Cafeterias MOA.pdf","Uploads Contacts Users AccountsWorkers"
"","COMPASS/BAMCO AT NBC UNIVERSAL STUDIOS","Event Center","",""," Final Executed Compass Cafeterias MOA.pdf","Uploads Contacts Users AccountsWorkers"
"","COMPASS/BAMCO AT DREAMWORKS STUDIOS","Event Center","",""," Final Executed Compass Cafeterias MOA.pdf","Uploads Contacts Users AccountsWorkers"
"","COMPASS/WOLFGANG PUCK AT SONY PICTURES ENTERTAINMENT ","Event Center","",""," Final Executed Compass Cafeterias MOA.pdf","Uploads Contacts Users AccountsWorkers"
"","COMPASS/EUREST AT PARAMOUNT PICTURES","Event Center","",""," Final Executed Compass Cafeterias MOA.pdf","Uploads Contacts Users AccountsWorkers"
"","WESTIN LONG BEACH (KHANNA HOTELS)","Hospitality","","","No contract on file.","Uploads Contacts Users AccountsWorkers"
"","Event Center EE Contribution","Event Center","ECHP","","No contract on file.","Uploads Contacts Users AccountsWorkers"
"","FAIRMONT CENTURY PLAZA (SPA UNIT)","Hospitality","",""," 2026.04.13 Fairmont Century Plaza - Spa Accretion Terms Executed.pdf","Uploads Contacts Users AccountsWorkers"
"","THE PANTRY BY HOPE","Restaurant","",""," 2026.02.24 The Original Pantry Assumption Agreement Final Executed.pdf","Uploads Contacts Users AccountsWorkers"
"","LEVY KIA FORUM","Event Center","","","No contract on file.","Uploads Contacts Users AccountsWorkers"
"","LEVY CRYPTO","Event Center","","","No contract on file.","Uploads Contacts Users AccountsWorkers"
"","LEVY LOS ANGELES CONVENTION CENTER (Event Center Plan)","Event Center","","","No contract on file.","Uploads Contacts Users AccountsWorkers"
"","LEVY LOS ANGELES CONVENTION CENTER (Unite Here Plan)","Hospitality","","","No contract on file.","Uploads Contacts Users AccountsWorkers"
"","LEVY DIGNITY","Event Center","","","No contract on file.","Uploads Contacts Users AccountsWorkers"
"","LEVY DODGERS","Event Center","","","No contract on file.","Uploads Contacts Users AccountsWorkers"
