actions	InnoDB	29	0.0	0.0	utf8mb3_general_ci
authmap	InnoDB	786	0.1	0.1	utf8mb3_general_ci
backup_migrate_destinations	InnoDB	1	0.0	0.0	utf8mb3_general_ci
backup_migrate_profiles	InnoDB	0	0.0	0.0	utf8mb3_general_ci
backup_migrate_schedules	InnoDB	1	0.0	0.0	utf8mb3_general_ci
backup_migrate_sources	InnoDB	0	0.0	0.0	utf8mb3_general_ci
batch	InnoDB	18	3.0	0.0	utf8mb3_general_ci
block	InnoDB	758	0.1	0.1	utf8mb3_general_ci
blocked_ips	InnoDB	0	0.0	0.0	utf8mb3_general_ci
block_custom	InnoDB	1	0.0	0.0	utf8mb3_general_ci
block_node_type	InnoDB	1	0.0	0.0	utf8mb3_general_ci
block_role	InnoDB	13	0.0	0.0	utf8mb3_general_ci
cache	InnoDB	34	3.5	0.0	utf8mb3_general_ci
cache_admin_menu	InnoDB	0	0.0	0.0	utf8mb3_general_ci
cache_admin_menu__truncated_table	InnoDB	0	0.0	0.0	utf8mb3_general_ci
cache_block	InnoDB	0	0.0	0.0	utf8mb3_general_ci
cache_bootstrap	InnoDB	5	2.0	0.0	utf8mb3_general_ci
cache_bootstrap__truncated_table	InnoDB	0	0.0	0.0	utf8mb3_general_ci
cache_features	InnoDB	2	1.5	0.0	utf8mb3_general_ci
cache_features__truncated_table	InnoDB	0	0.0	0.0	utf8mb3_general_ci
cache_feeds_http	InnoDB	0	0.0	0.0	utf8mb3_general_ci
cache_field	InnoDB	623265	2649.8	40.6	utf8mb3_general_ci
cache_field__truncated_table	InnoDB	0	0.0	0.0	utf8mb3_general_ci
cache_filter	InnoDB	0	0.0	0.0	utf8mb3_general_ci
cache_filter__truncated_table	InnoDB	0	0.0	0.0	utf8mb3_general_ci
cache_form	InnoDB	0	6.0	0.0	utf8mb3_general_ci
cache_geocoder	InnoDB	3105	16.6	0.3	utf8mb3_general_ci
cache_image	InnoDB	0	0.0	0.0	utf8mb3_general_ci
cache_libraries	InnoDB	2	0.0	0.0	utf8mb3_general_ci
cache_libraries__truncated_table	InnoDB	0	0.0	0.0	utf8mb3_general_ci
cache_menu	InnoDB	132032	153.3	17.6	utf8mb3_general_ci
cache_page	InnoDB	0	0.0	0.0	utf8mb3_general_ci
cache_page__truncated_table	InnoDB	0	0.0	0.0	utf8mb3_general_ci
cache_path	InnoDB	1135	6.0	0.1	utf8mb3_general_ci
cache_path__truncated_table	InnoDB	0	0.0	0.0	utf8mb3_general_ci
cache_rules	InnoDB	0	0.0	0.0	utf8mb3_general_ci
cache_shorten	InnoDB	0	0.0	0.0	utf8mb3_general_ci
cache_token	InnoDB	2	0.3	0.0	utf8mb3_general_ci
cache_token__truncated_table	InnoDB	0	0.0	0.0	utf8mb3_general_ci
cache_update	InnoDB	0	0.0	0.0	utf8mb3_general_ci
cache_update__truncated_table	InnoDB	0	0.0	0.0	utf8mb3_general_ci
cache_variable	InnoDB	2	0.1	0.0	utf8mb3_general_ci
cache_variable__truncated_table	InnoDB	0	0.0	0.0	utf8mb3_general_ci
cache_views	InnoDB	333	11.5	0.1	utf8mb3_general_ci
cache_views_data	InnoDB	0	0.0	0.0	utf8mb3_general_ci
cache_views__truncated_table	InnoDB	0	0.0	0.0	utf8mb3_general_ci
cache__truncated_table	InnoDB	0	0.0	0.0	utf8mb3_general_ci
ckeditor_input_format	InnoDB	3	0.0	0.0	utf8mb3_general_ci
ckeditor_settings	InnoDB	4	0.0	0.0	utf8mb3_general_ci
comment	InnoDB	3	0.0	0.1	utf8mb3_general_ci
conditional_fields	InnoDB	2	0.0	0.0	utf8mb3_general_ci
ctools_css_cache	InnoDB	0	0.0	0.0	utf8mb3_general_ci
ctools_object_cache	InnoDB	0	0.0	0.0	utf8mb3_general_ci
custom_help_text_roles	InnoDB	6	0.0	0.0	latin1_swedish_ci
date_formats	InnoDB	38	0.0	0.0	utf8mb3_general_ci
date_format_locale	InnoDB	0	0.0	0.0	utf8mb3_general_ci
date_format_type	InnoDB	6	0.0	0.0	utf8mb3_general_ci
draggableviews_structure	InnoDB	19	0.0	0.0	utf8mb3_general_ci
ds_fields	InnoDB	0	0.0	0.0	utf8mb3_general_ci
ds_field_settings	InnoDB	0	0.0	0.0	utf8mb3_general_ci
ds_layout_settings	InnoDB	1	0.0	0.0	utf8mb3_general_ci
ds_vd	InnoDB	0	0.0	0.0	utf8mb3_general_ci
ds_view_modes	InnoDB	1	0.0	0.0	utf8mb3_general_ci
elysia_cron	InnoDB	28	0.0	0.0	utf8mb3_general_ci
environment_indicator_environment	InnoDB	1	0.0	0.0	utf8mb3_general_ci
features_signature	InnoDB	38	0.0	0.0	utf8mb3_general_ci
feeds_importer	InnoDB	13	0.0	0.0	utf8mb3_general_ci
feeds_item	InnoDB	92	0.0	0.1	utf8mb3_general_ci
feeds_log	InnoDB	0	0.0	0.1	utf8mb3_general_ci
feeds_push_subscriptions	InnoDB	0	0.0	0.0	utf8mb3_general_ci
feeds_source	InnoDB	13	0.0	0.0	utf8mb3_general_ci
fieldset_helper_state_manager	InnoDB	211	0.0	0.0	utf8mb3_general_ci
field_config	InnoDB	295	0.3	0.1	utf8mb3_general_ci
field_config_instance	InnoDB	736	1.5	0.1	utf8mb3_general_ci
field_data_body	InnoDB	118	0.4	0.1	utf8mb3_general_ci
field_data_comment_body	InnoDB	3	0.0	0.1	utf8mb3_general_ci
field_data_field_field_grievance_resproc_ua	InnoDB	0	0.0	0.1	utf8mb3_general_ci
field_data_field_file_image_alt_text	InnoDB	0	0.0	0.1	utf8mb3_general_ci
field_data_field_file_image_title_text	InnoDB	0	0.0	0.1	utf8mb3_general_ci
field_data_field_grievance	InnoDB	0	0.0	0.1	utf8mb3_general_ci
field_data_field_grievance_actor	InnoDB	13	0.0	0.1	utf8mb3_general_ci
field_data_field_grievance_address	InnoDB	0	0.0	0.1	utf8mb3_general_ci
field_data_field_grievance_address_2	InnoDB	0	0.0	0.1	utf8mb3_general_ci
field_data_field_grievance_alert	InnoDB	0	0.0	0.1	utf8mb3_general_ci
field_data_field_grievance_alert_date	InnoDB	0	0.0	0.1	utf8mb3_general_ci
field_data_field_grievance_alert_tid	InnoDB	0	0.0	0.1	utf8mb3_general_ci
field_data_field_grievance_alert_waived	InnoDB	0	0.0	0.1	utf8mb3_general_ci
field_data_field_grievance_amt	InnoDB	0	0.0	0.1	utf8mb3_general_ci
field_data_field_grievance_amt_rcvd	InnoDB	0	0.0	0.1	utf8mb3_general_ci
field_data_field_grievance_annual	InnoDB	2	0.0	0.1	utf8mb3_general_ci
field_data_field_grievance_arbitration_a	InnoDB	0	0.0	0.1	utf8mb3_general_ci
field_data_field_grievance_arbitration_b	InnoDB	0	0.0	0.1	utf8mb3_general_ci
field_data_field_grievance_arbitration_c	InnoDB	0	0.0	0.1	utf8mb3_general_ci
field_data_field_grievance_arbitration_d	InnoDB	0	0.0	0.1	utf8mb3_general_ci
field_data_field_grievance_artsel	InnoDB	0	0.0	0.1	utf8mb3_general_ci
field_data_field_grievance_assignee_notes	InnoDB	0	0.0	0.1	utf8mb3_general_ci
field_data_field_grievance_attachments	InnoDB	175	0.0	0.1	utf8mb3_general_ci
field_data_field_grievance_broughtby	InnoDB	0	0.0	0.1	utf8mb3_general_ci
field_data_field_grievance_bundle	InnoDB	6	0.0	0.1	utf8mb3_general_ci
field_data_field_grievance_can_attach	InnoDB	37	0.0	0.1	utf8mb3_general_ci
field_data_field_grievance_can_ir	InnoDB	7	0.0	0.1	utf8mb3_general_ci
field_data_field_grievance_category	InnoDB	0	0.0	0.1	utf8mb3_general_ci
field_data_field_grievance_chapter	InnoDB	0	0.0	0.1	utf8mb3_general_ci
field_data_field_grievance_checkno	InnoDB	0	0.0	0.1	utf8mb3_general_ci
field_data_field_grievance_city	InnoDB	0	0.0	0.1	utf8mb3_general_ci
field_data_field_grievance_classaction	InnoDB	0	0.0	0.1	utf8mb3_general_ci
field_data_field_grievance_classification	InnoDB	0	0.0	0.1	utf8mb3_general_ci
field_data_field_grievance_classifications	InnoDB	0	0.0	0.1	utf8mb3_general_ci
field_data_field_grievance_class_tid	InnoDB	0	0.0	0.1	utf8mb3_general_ci
field_data_field_grievance_clause	InnoDB	0	0.0	0.1	utf8mb3_general_ci
field_data_field_grievance_clauseref	InnoDB	0	0.0	0.1	utf8mb3_general_ci
field_data_field_grievance_comments	InnoDB	1	0.0	0.1	utf8mb3_general_ci
field_data_field_grievance_company	InnoDB	3	0.0	0.1	utf8mb3_general_ci
field_data_field_grievance_contact_selector	InnoDB	0	0.0	0.1	utf8mb3_general_ci
field_data_field_grievance_contact_types	InnoDB	525	0.1	0.1	utf8mb3_general_ci
field_data_field_grievance_contract	InnoDB	120	0.0	0.1	utf8mb3_general_ci
field_data_field_grievance_contract_section	InnoDB	0	0.0	0.1	utf8mb3_general_ci
field_data_field_grievance_contract_tplt	InnoDB	0	0.0	0.1	utf8mb3_general_ci
field_data_field_grievance_contract_tplts	InnoDB	0	0.0	0.1	utf8mb3_general_ci
field_data_field_grievance_cont_sec_tags	InnoDB	0	0.0	0.1	utf8mb3_general_ci
field_data_field_grievance_cont_tplt_tags	InnoDB	0	0.0	0.1	utf8mb3_general_ci
field_data_field_grievance_corrected	InnoDB	0	0.0	0.1	utf8mb3_general_ci
field_data_field_grievance_co_address	InnoDB	120	0.0	0.1	utf8mb3_general_ci
field_data_field_grievance_co_address_2	InnoDB	1	0.0	0.1	utf8mb3_general_ci
field_data_field_grievance_co_city	InnoDB	120	0.0	0.1	utf8mb3_general_ci
field_data_field_grievance_co_email	InnoDB	410	0.1	0.1	utf8mb3_general_ci
field_data_field_grievance_co_fax	InnoDB	6	0.0	0.1	utf8mb3_general_ci
field_data_field_grievance_co_name	InnoDB	414	0.1	0.1	utf8mb3_general_ci
field_data_field_grievance_co_phone	InnoDB	114	0.0	0.1	utf8mb3_general_ci
field_data_field_grievance_co_phone_2	InnoDB	20	0.0	0.1	utf8mb3_general_ci
field_data_field_grievance_co_role	InnoDB	328	0.0	0.1	utf8mb3_general_ci
field_data_field_grievance_co_state	InnoDB	120	0.0	0.1	utf8mb3_general_ci
field_data_field_grievance_co_zip	InnoDB	120	0.0	0.1	utf8mb3_general_ci
field_data_field_grievance_css	InnoDB	0	0.0	0.1	utf8mb3_general_ci
field_data_field_grievance_data_alert	InnoDB	0	0.0	0.1	utf8mb3_general_ci
field_data_field_grievance_date	InnoDB	2	0.0	0.1	utf8mb3_general_ci
field_data_field_grievance_date_1	InnoDB	0	0.0	0.1	utf8mb3_general_ci
field_data_field_grievance_date_2	InnoDB	0	0.0	0.1	utf8mb3_general_ci
field_data_field_grievance_days	InnoDB	7	0.0	0.1	utf8mb3_general_ci
field_data_field_grievance_daysoff	InnoDB	0	0.0	0.1	utf8mb3_general_ci
field_data_field_grievance_days_type	InnoDB	0	0.0	0.1	utf8mb3_general_ci
field_data_field_grievance_default	InnoDB	0	0.0	0.1	utf8mb3_general_ci
field_data_field_grievance_department	InnoDB	0	0.0	0.1	utf8mb3_general_ci
field_data_field_grievance_departments	InnoDB	0	0.0	0.1	utf8mb3_general_ci
field_data_field_grievance_department_tid	InnoDB	0	0.0	0.1	utf8mb3_general_ci
field_data_field_grievance_description	InnoDB	15	0.0	0.1	utf8mb3_general_ci
field_data_field_grievance_document_type	InnoDB	0	0.0	0.1	utf8mb3_general_ci
field_data_field_grievance_document_types	InnoDB	0	0.0	0.1	utf8mb3_general_ci
field_data_field_grievance_dummy	InnoDB	0	0.0	0.1	utf8mb3_general_ci
field_data_field_grievance_ein	InnoDB	0	0.0	0.1	utf8mb3_general_ci
field_data_field_grievance_email	InnoDB	0	0.0	0.1	utf8mb3_general_ci
field_data_field_grievance_emails	InnoDB	0	0.0	0.1	utf8mb3_general_ci
field_data_field_grievance_emp_name	InnoDB	0	0.0	0.1	utf8mb3_general_ci
field_data_field_grievance_entity_type	InnoDB	6	0.0	0.1	utf8mb3_general_ci
field_data_field_grievance_external_id	InnoDB	9	0.0	0.1	utf8mb3_general_ci
field_data_field_grievance_field_name	InnoDB	6	0.0	0.1	utf8mb3_general_ci
field_data_field_grievance_first_name	InnoDB	0	0.0	0.1	utf8mb3_general_ci
field_data_field_grievance_from_status	InnoDB	0	0.0	0.1	utf8mb3_general_ci
field_data_field_grievance_gender	InnoDB	0	0.0	0.1	utf8mb3_general_ci
field_data_field_grievance_hidefields	InnoDB	0	0.0	0.1	utf8mb3_general_ci
field_data_field_grievance_hire_date	InnoDB	0	0.0	0.1	utf8mb3_general_ci
field_data_field_grievance_holidays	InnoDB	0	0.0	0.1	utf8mb3_general_ci
field_data_field_grievance_id	InnoDB	0	0.0	0.1	utf8mb3_general_ci
field_data_field_grievance_images	InnoDB	5	0.0	0.1	utf8mb3_general_ci
field_data_field_grievance_inforeq	InnoDB	0	0.0	0.1	utf8mb3_general_ci
field_data_field_grievance_label	InnoDB	6	0.0	0.1	utf8mb3_general_ci
field_data_field_grievance_last_name	InnoDB	0	0.0	0.1	utf8mb3_general_ci
field_data_field_grievance_log_tags	InnoDB	0	0.0	0.1	utf8mb3_general_ci
field_data_field_grievance_log_type	InnoDB	0	0.0	0.1	utf8mb3_general_ci
field_data_field_grievance_meeting_date	InnoDB	0	0.0	0.1	utf8mb3_general_ci
field_data_field_grievance_min	InnoDB	0	0.0	0.1	utf8mb3_general_ci
field_data_field_grievance_next_status	InnoDB	0	0.0	0.1	utf8mb3_general_ci
field_data_field_grievance_notify_body	InnoDB	7	0.1	0.1	utf8mb3_general_ci
field_data_field_grievance_notify_subject	InnoDB	6	0.0	0.1	utf8mb3_general_ci
field_data_field_grievance_open	InnoDB	3	0.0	0.1	utf8mb3_general_ci
field_data_field_grievance_outcome	InnoDB	0	0.0	0.1	utf8mb3_general_ci
field_data_field_grievance_phone	InnoDB	290	0.0	0.1	utf8mb3_general_ci
field_data_field_grievance_phone_off	InnoDB	3	0.0	0.1	utf8mb3_general_ci
field_data_field_grievance_pullclause	InnoDB	0	0.0	0.1	utf8mb3_general_ci
field_data_field_grievance_remedy	InnoDB	0	0.0	0.1	utf8mb3_general_ci
field_data_field_grievance_remedy_other	InnoDB	0	0.0	0.1	utf8mb3_general_ci
field_data_field_grievance_rep_assignee	InnoDB	0	0.0	0.1	utf8mb3_general_ci
field_data_field_grievance_rep_filed	InnoDB	0	0.0	0.1	utf8mb3_general_ci
field_data_field_grievance_rep_lead	InnoDB	0	0.0	0.1	utf8mb3_general_ci
field_data_field_grievance_rep_manager	InnoDB	0	0.0	0.1	utf8mb3_general_ci
field_data_field_grievance_rep_organizer	InnoDB	0	0.0	0.1	utf8mb3_general_ci
field_data_field_grievance_rep_watching	InnoDB	0	0.0	0.1	utf8mb3_general_ci
field_data_field_grievance_resproc	InnoDB	0	0.0	0.1	utf8mb3_general_ci
field_data_field_grievance_resproc_an	InnoDB	0	0.0	0.1	utf8mb3_general_ci
field_data_field_grievance_resproc_cd	InnoDB	0	0.0	0.1	utf8mb3_general_ci
field_data_field_grievance_resproc_ea	InnoDB	0	0.0	0.1	utf8mb3_general_ci
field_data_field_grievance_resproc_er	InnoDB	0	0.0	0.1	utf8mb3_general_ci
field_data_field_grievance_resproc_hd	InnoDB	0	0.0	0.1	utf8mb3_general_ci
field_data_field_grievance_resproc_lh	InnoDB	0	0.0	0.1	utf8mb3_general_ci
field_data_field_grievance_resproc_ur	InnoDB	0	0.0	0.1	utf8mb3_general_ci
field_data_field_grievance_roles	InnoDB	6	0.0	0.1	utf8mb3_general_ci
field_data_field_grievance_section_number	InnoDB	0	0.0	0.1	utf8mb3_general_ci
field_data_field_grievance_settlement_tags	InnoDB	0	0.0	0.1	utf8mb3_general_ci
field_data_field_grievance_shift	InnoDB	0	0.0	0.1	utf8mb3_general_ci
field_data_field_grievance_shop	InnoDB	5605029	380.0	1082.6	utf8mb3_general_ci
field_data_field_grievance_shops	InnoDB	790	0.1	0.3	utf8mb3_general_ci
field_data_field_grievance_shortname	InnoDB	6	0.0	0.1	utf8mb3_general_ci
field_data_field_grievance_state	InnoDB	0	0.0	0.1	utf8mb3_general_ci
field_data_field_grievance_status	InnoDB	0	0.0	0.1	utf8mb3_general_ci
field_data_field_grievance_statuses	InnoDB	0	0.0	0.1	utf8mb3_general_ci
field_data_field_grievance_status_date	InnoDB	0	0.0	0.1	utf8mb3_general_ci
field_data_field_grievance_st_email	InnoDB	0	0.0	0.1	utf8mb3_general_ci
field_data_field_grievance_st_name	InnoDB	0	0.0	0.1	utf8mb3_general_ci
field_data_field_grievance_st_phone	InnoDB	0	0.0	0.1	utf8mb3_general_ci
field_data_field_grievance_st_selector	InnoDB	0	0.0	0.1	utf8mb3_general_ci
field_data_field_grievance_supervisor_name	InnoDB	0	0.0	0.1	utf8mb3_general_ci
field_data_field_grievance_supervisor_title	InnoDB	0	0.0	0.1	utf8mb3_general_ci
field_data_field_grievance_supervisor_unit	InnoDB	0	0.0	0.1	utf8mb3_general_ci
field_data_field_grievance_tags	InnoDB	2	0.0	0.1	utf8mb3_general_ci
field_data_field_grievance_timeline_show	InnoDB	2	0.0	0.1	utf8mb3_general_ci
field_data_field_grievance_type	InnoDB	0	0.0	0.1	utf8mb3_general_ci
field_data_field_grievance_type_other	InnoDB	0	0.0	0.1	utf8mb3_general_ci
field_data_field_grievance_update_rep	InnoDB	8	0.0	0.1	utf8mb3_general_ci
field_data_field_grievance_valid	InnoDB	0	0.0	0.1	utf8mb3_general_ci
field_data_field_grievance_violation	InnoDB	0	0.0	0.1	utf8mb3_general_ci
field_data_field_grievance_weight	InnoDB	0	0.0	0.1	utf8mb3_general_ci
field_data_field_grievance_work_status	InnoDB	0	0.0	0.1	utf8mb3_general_ci
field_data_field_grievance_zip	InnoDB	0	0.0	0.1	utf8mb3_general_ci
field_data_field_grievanct_cont_clse_tags	InnoDB	0	0.0	0.1	utf8mb3_general_ci
field_data_field_sirius_aat	InnoDB	156848	11.5	35.6	utf8mb3_general_ci
field_data_field_sirius_aat_required	InnoDB	112103	8.5	27.6	utf8mb3_general_ci
field_data_field_sirius_active	InnoDB	4166544	285.0	817.2	utf8mb3_general_ci
field_data_field_sirius_address	InnoDB	116584	16.5	34.1	utf8mb3_general_ci
field_data_field_sirius_address_accuracy	InnoDB	47058	5.5	21.0	utf8mb3_general_ci
field_data_field_sirius_address_canon	InnoDB	115200	10.5	28.2	utf8mb3_general_ci
field_data_field_sirius_address_county	InnoDB	52400	5.5	19.7	utf8mb3_general_ci
field_data_field_sirius_address_geo	InnoDB	50090	12.5	52.3	utf8mb3_general_ci
field_data_field_sirius_address_notes	InnoDB	1	0.0	0.1	utf8mb3_general_ci
field_data_field_sirius_address_parking	InnoDB	0	0.0	0.1	utf8mb3_general_ci
field_data_field_sirius_attachments	InnoDB	12316	1.5	4.0	utf8mb3_general_ci
field_data_field_sirius_audio	InnoDB	0	0.0	0.1	utf8mb3_general_ci
field_data_field_sirius_audio_public	InnoDB	0	0.0	0.1	utf8mb3_general_ci
field_data_field_sirius_badge	InnoDB	17	0.0	0.1	utf8mb3_general_ci
field_data_field_sirius_batch_max	InnoDB	0	0.0	0.1	utf8mb3_general_ci
field_data_field_sirius_batch_min	InnoDB	0	0.0	0.1	utf8mb3_general_ci
field_data_field_sirius_batch_ratio	InnoDB	0	0.0	0.1	utf8mb3_general_ci
field_data_field_sirius_boolean	InnoDB	5	0.0	0.1	utf8mb3_general_ci
field_data_field_sirius_bu	InnoDB	0	0.0	0.1	utf8mb3_general_ci
field_data_field_sirius_bulk_medium	InnoDB	43	0.0	0.1	utf8mb3_general_ci
field_data_field_sirius_bulk_status	InnoDB	44	0.0	0.1	utf8mb3_general_ci
field_data_field_sirius_callerids	InnoDB	0	0.0	0.1	utf8mb3_general_ci
field_data_field_sirius_category	InnoDB	1121441	78.7	212.0	utf8mb3_general_ci
field_data_field_sirius_check_number	InnoDB	1205	0.1	0.5	utf8mb3_general_ci
field_data_field_sirius_contact	InnoDB	209495	14.5	48.7	utf8mb3_general_ci
field_data_field_sirius_contact_alt	InnoDB	34196	3.5	11.6	utf8mb3_general_ci
field_data_field_sirius_contact_relation	InnoDB	312018	28.6	79.7	utf8mb3_general_ci
field_data_field_sirius_contact_relations	InnoDB	29488	3.5	12.1	utf8mb3_general_ci
field_data_field_sirius_contact_reltype	InnoDB	34196	3.5	11.6	utf8mb3_general_ci
field_data_field_sirius_contact_tags	InnoDB	12289151	908.0	2742.5	utf8mb3_general_ci
field_data_field_sirius_content_types	InnoDB	38	0.0	0.1	utf8mb3_general_ci
field_data_field_sirius_count	InnoDB	34196	3.5	10.1	utf8mb3_general_ci
field_data_field_sirius_count_no	InnoDB	0	0.0	0.1	utf8mb3_general_ci
field_data_field_sirius_count_notified	InnoDB	0	0.0	0.1	utf8mb3_general_ci
field_data_field_sirius_count_yes	InnoDB	259	0.0	0.1	utf8mb3_general_ci
field_data_field_sirius_css_class	InnoDB	6	0.0	0.1	utf8mb3_general_ci
field_data_field_sirius_currency	InnoDB	3	0.0	0.1	utf8mb3_general_ci
field_data_field_sirius_daterepeat	InnoDB	0	0.0	0.1	utf8mb3_general_ci
field_data_field_sirius_datetime	InnoDB	2933596	197.9	580.8	utf8mb3_general_ci
field_data_field_sirius_datetime_completed	InnoDB	2933596	197.9	580.8	utf8mb3_general_ci
field_data_field_sirius_datetime_created	InnoDB	3443	0.3	1.0	utf8mb3_general_ci
field_data_field_sirius_date_end	InnoDB	3951439	273.0	777.2	utf8mb3_general_ci
field_data_field_sirius_date_start	InnoDB	6520633	439.0	1430.7	utf8mb3_general_ci
field_data_field_sirius_denorm_benefits	InnoDB	147900	13.5	44.9	utf8mb3_general_ci
field_data_field_sirius_denorm_level	InnoDB	0	0.0	0.1	utf8mb3_general_ci
field_data_field_sirius_dispatch_3sen	InnoDB	0	0.0	0.1	utf8mb3_general_ci
field_data_field_sirius_dispatch_asi	InnoDB	20573	1.5	6.3	utf8mb3_general_ci
field_data_field_sirius_dispatch_available	InnoDB	20	0.0	0.1	utf8mb3_general_ci
field_data_field_sirius_dispatch_availdate	InnoDB	116	0.0	0.1	utf8mb3_general_ci
field_data_field_sirius_dispatch_cbn	InnoDB	43250	3.5	11.6	utf8mb3_general_ci
field_data_field_sirius_dispatch_days	InnoDB	0	0.0	0.1	utf8mb3_general_ci
field_data_field_sirius_dispatch_dncs	InnoDB	0	0.0	0.1	utf8mb3_general_ci
field_data_field_sirius_dispatch_dncs2	InnoDB	0	0.0	0.1	utf8mb3_general_ci
field_data_field_sirius_dispatch_eba	InnoDB	112125	8.5	27.6	utf8mb3_general_ci
field_data_field_sirius_dispatch_eba_dates	InnoDB	1	0.0	0.1	utf8mb3_general_ci
field_data_field_sirius_dispatch_facility	InnoDB	3	0.0	0.1	utf8mb3_general_ci
field_data_field_sirius_dispatch_hall	InnoDB	0	0.0	0.1	utf8mb3_general_ci
field_data_field_sirius_dispatch_hfe	InnoDB	0	0.0	0.1	utf8mb3_general_ci
field_data_field_sirius_dispatch_hfe_until	InnoDB	115	0.0	0.1	utf8mb3_general_ci
field_data_field_sirius_dispatch_job	InnoDB	43296	3.5	11.6	utf8mb3_general_ci
field_data_field_sirius_dispatch_job_group	InnoDB	1	0.0	0.1	utf8mb3_general_ci
field_data_field_sirius_dispatch_job_nfcns	InnoDB	1	0.0	0.1	utf8mb3_general_ci
field_data_field_sirius_dispatch_job_status	InnoDB	319	0.0	0.1	utf8mb3_general_ci
field_data_field_sirius_dispatch_job_tags	InnoDB	0	0.0	0.1	utf8mb3_general_ci
field_data_field_sirius_dispatch_job_type	InnoDB	319	0.0	0.1	utf8mb3_general_ci
field_data_field_sirius_dispatch_job_types	InnoDB	7	0.0	0.1	utf8mb3_general_ci
field_data_field_sirius_dispatch_medium	InnoDB	111881	8.5	27.6	utf8mb3_general_ci
field_data_field_sirius_dispatch_roles	InnoDB	0	0.0	0.1	utf8mb3_general_ci
field_data_field_sirius_dispatch_sib_status	InnoDB	0	0.0	0.1	utf8mb3_general_ci
field_data_field_sirius_dispatch_status	InnoDB	43237	4.5	12.6	utf8mb3_general_ci
field_data_field_sirius_dispatch_type	InnoDB	43276	3.5	12.6	utf8mb3_general_ci
field_data_field_sirius_dob	InnoDB	72524	6.5	23.6	utf8mb3_general_ci
field_data_field_sirius_docret_key	InnoDB	0	0.0	0.1	utf8mb3_general_ci
field_data_field_sirius_docret_mode	InnoDB	0	0.0	0.1	utf8mb3_general_ci
field_data_field_sirius_dollar_amt	InnoDB	3432	0.2	0.7	utf8mb3_general_ci
field_data_field_sirius_domain	InnoDB	7356835	487.0	1395.1	utf8mb3_general_ci
field_data_field_sirius_edls_sheet_status	InnoDB	0	0.0	0.1	utf8mb3_general_ci
field_data_field_sirius_email	InnoDB	49816	6.5	18.5	utf8mb3_general_ci
field_data_field_sirius_emails	InnoDB	11	0.0	0.1	utf8mb3_general_ci
field_data_field_sirius_email_possible	InnoDB	0	0.0	0.1	utf8mb3_general_ci
field_data_field_sirius_event	InnoDB	0	0.0	0.1	utf8mb3_general_ci
field_data_field_sirius_events	InnoDB	0	0.0	0.1	utf8mb3_general_ci
field_data_field_sirius_event_prole	InnoDB	0	0.0	0.1	utf8mb3_general_ci
field_data_field_sirius_event_proles	InnoDB	31	0.0	0.1	utf8mb3_general_ci
field_data_field_sirius_event_pstatus	InnoDB	0	0.0	0.1	utf8mb3_general_ci
field_data_field_sirius_event_type	InnoDB	0	0.0	0.1	utf8mb3_general_ci
field_data_field_sirius_fastload_status	InnoDB	20027	2.5	6.4	utf8mb3_general_ci
field_data_field_sirius_feed_status	InnoDB	3614	0.3	1.0	utf8mb3_general_ci
field_data_field_sirius_gender	InnoDB	79423	6.5	25.6	utf8mb3_general_ci
field_data_field_sirius_gender_nota_calc	InnoDB	112376	8.5	27.6	utf8mb3_general_ci
field_data_field_sirius_gender_nota_val	InnoDB	1015	0.1	0.4	utf8mb3_general_ci
field_data_field_sirius_headshot	InnoDB	2	0.0	0.1	utf8mb3_general_ci
field_data_field_sirius_hour_type	InnoDB	0	0.0	0.1	utf8mb3_general_ci
field_data_field_sirius_id	InnoDB	125564	9.5	39.6	utf8mb3_general_ci
field_data_field_sirius_id2	InnoDB	33957	3.5	12.1	utf8mb3_general_ci
field_data_field_sirius_id3	InnoDB	78771	6.5	23.1	utf8mb3_general_ci
field_data_field_sirius_industry	InnoDB	65287	5.5	26.4	utf8mb3_general_ci
field_data_field_sirius_job_number	InnoDB	0	0.0	0.1	utf8mb3_general_ci
field_data_field_sirius_json	InnoDB	5246517	3826.0	1136.6	utf8mb3_general_ci
field_data_field_sirius_json_definition	InnoDB	0	0.0	0.1	utf8mb3_general_ci
field_data_field_sirius_lang	InnoDB	1329	0.2	0.5	utf8mb3_general_ci
field_data_field_sirius_ledger_account	InnoDB	3441	0.3	0.9	utf8mb3_general_ci
field_data_field_sirius_ledger_allocated	InnoDB	3441	0.3	0.9	utf8mb3_general_ci
field_data_field_sirius_ledger_category	InnoDB	0	0.0	0.1	utf8mb3_general_ci
field_data_field_sirius_letterhead_format	InnoDB	0	0.0	0.1	utf8mb3_general_ci
field_data_field_sirius_letter_content_type	InnoDB	13	0.0	0.1	utf8mb3_general_ci
field_data_field_sirius_log	InnoDB	0	0.0	0.1	utf8mb3_general_ci
field_data_field_sirius_log_handler	InnoDB	720652	46.6	151.9	utf8mb3_general_ci
field_data_field_sirius_member_active	InnoDB	14	0.0	0.1	utf8mb3_general_ci
field_data_field_sirius_member_status	InnoDB	69724	5.5	26.3	utf8mb3_general_ci
field_data_field_sirius_merchant_name	InnoDB	1835	0.2	0.6	utf8mb3_general_ci
field_data_field_sirius_message	InnoDB	1040504	163.8	212.0	utf8mb3_general_ci
field_data_field_sirius_mustlog	InnoDB	8	0.0	0.1	utf8mb3_general_ci
field_data_field_sirius_name	InnoDB	237918	20.6	74.9	utf8mb3_general_ci
field_data_field_sirius_name_alt	InnoDB	10	0.0	0.1	utf8mb3_general_ci
field_data_field_sirius_name_display	InnoDB	17	0.0	0.1	utf8mb3_general_ci
field_data_field_sirius_name_short	InnoDB	17	0.0	0.1	utf8mb3_general_ci
field_data_field_sirius_name_tts	InnoDB	2	0.0	0.1	utf8mb3_general_ci
field_data_field_sirius_nota	InnoDB	1	0.0	0.1	utf8mb3_general_ci
field_data_field_sirius_notes	InnoDB	1885070	171.8	435.3	utf8mb3_general_ci
field_data_field_sirius_notify	InnoDB	4	0.0	0.1	utf8mb3_general_ci
field_data_field_sirius_page	InnoDB	0	0.0	0.1	utf8mb3_general_ci
field_data_field_sirius_paths	InnoDB	211	0.0	0.1	utf8mb3_general_ci
field_data_field_sirius_payer	InnoDB	3401	0.3	0.9	utf8mb3_general_ci
field_data_field_sirius_payment_status	InnoDB	3438	0.3	0.9	utf8mb3_general_ci
field_data_field_sirius_payment_type	InnoDB	3438	0.3	0.9	utf8mb3_general_ci
field_data_field_sirius_payperiod_type	InnoDB	1	0.0	0.1	utf8mb3_general_ci
field_data_field_sirius_payrate	InnoDB	20977	1.5	8.7	utf8mb3_general_ci
field_data_field_sirius_payrate_skilled	InnoDB	0	0.0	0.1	utf8mb3_general_ci
field_data_field_sirius_phone	InnoDB	71124	12.5	34.1	utf8mb3_general_ci
field_data_field_sirius_phone_alt	InnoDB	1842	0.2	0.6	utf8mb3_general_ci
field_data_field_sirius_phone_fax	InnoDB	0	0.0	0.1	utf8mb3_general_ci
field_data_field_sirius_phone_mobile	InnoDB	25	0.0	0.1	utf8mb3_general_ci
field_data_field_sirius_provider_npi	InnoDB	0	0.0	0.1	utf8mb3_general_ci
field_data_field_sirius_public	InnoDB	7	0.0	0.1	utf8mb3_general_ci
field_data_field_sirius_rawhtml	InnoDB	0	0.0	0.1	utf8mb3_general_ci
field_data_field_sirius_representatives	InnoDB	0	0.0	0.1	utf8mb3_general_ci
field_data_field_sirius_roles	InnoDB	32	0.0	0.1	utf8mb3_general_ci
field_data_field_sirius_signature	InnoDB	2	0.0	0.1	utf8mb3_general_ci
field_data_field_sirius_skill	InnoDB	0	0.0	0.1	utf8mb3_general_ci
field_data_field_sirius_skills_avail	InnoDB	0	0.0	0.1	utf8mb3_general_ci
field_data_field_sirius_skills_availx	InnoDB	112014	8.5	27.6	utf8mb3_general_ci
field_data_field_sirius_skill_expire	InnoDB	115	0.0	0.1	utf8mb3_general_ci
field_data_field_sirius_sms	InnoDB	23	0.0	0.1	utf8mb3_general_ci
field_data_field_sirius_sms_possible	InnoDB	2688	0.2	0.6	utf8mb3_general_ci
field_data_field_sirius_source	InnoDB	67925	9.5	19.4	utf8mb3_general_ci
field_data_field_sirius_ssn	InnoDB	112038	9.5	36.2	utf8mb3_general_ci
field_data_field_sirius_summary	InnoDB	739150	116.7	142.9	utf8mb3_general_ci
field_data_field_sirius_term_proxy	InnoDB	254	0.0	0.1	utf8mb3_general_ci
field_data_field_sirius_term_source	InnoDB	11	0.0	0.1	utf8mb3_general_ci
field_data_field_sirius_timelimit	InnoDB	0	0.0	0.1	utf8mb3_general_ci
field_data_field_sirius_title	InnoDB	0	0.0	0.1	utf8mb3_general_ci
field_data_field_sirius_trust_benefit	InnoDB	607020	48.6	137.0	utf8mb3_general_ci
field_data_field_sirius_trust_benefits	InnoDB	665028	55.6	151.0	utf8mb3_general_ci
field_data_field_sirius_trust_benefit_type	InnoDB	20	0.0	0.1	utf8mb3_general_ci
field_data_field_sirius_trust_election	InnoDB	506729	46.6	137.0	utf8mb3_general_ci
field_data_field_sirius_trust_election_type	InnoDB	60900	5.5	19.6	utf8mb3_general_ci
field_data_field_sirius_trust_policy	InnoDB	223909	20.6	54.7	utf8mb3_general_ci
field_data_field_sirius_trust_prov_levels	InnoDB	0	0.0	0.1	utf8mb3_general_ci
field_data_field_sirius_trust_service_type	InnoDB	0	0.0	0.1	utf8mb3_general_ci
field_data_field_sirius_trust_subscriber	InnoDB	599578	48.6	149.9	utf8mb3_general_ci
field_data_field_sirius_type	InnoDB	1074679	72.7	213.0	utf8mb3_general_ci
field_data_field_sirius_tz	InnoDB	1	0.0	0.1	utf8mb3_general_ci
field_data_field_sirius_users	InnoDB	0	0.0	0.1	utf8mb3_general_ci
field_data_field_sirius_voice	InnoDB	1	0.0	0.1	utf8mb3_general_ci
field_data_field_sirius_voice_possible	InnoDB	2688	0.2	0.6	utf8mb3_general_ci
field_data_field_sirius_worker	InnoDB	6483395	431.0	1233.8	utf8mb3_general_ci
field_data_field_sirius_worker_dispstatus	InnoDB	814	0.1	0.3	utf8mb3_general_ci
field_data_field_sirius_work_status	InnoDB	167	0.0	0.1	utf8mb3_general_ci
field_group	InnoDB	12	0.0	0.0	utf8mb3_general_ci
field_revision_body	InnoDB	191	2.5	0.1	utf8mb3_general_ci
field_revision_comment_body	InnoDB	3	0.0	0.1	utf8mb3_general_ci
field_revision_field_field_grievance_resproc_ua	InnoDB	0	0.0	0.1	utf8mb3_general_ci
field_revision_field_file_image_alt_text	InnoDB	0	0.0	0.1	utf8mb3_general_ci
field_revision_field_file_image_title_text	InnoDB	0	0.0	0.1	utf8mb3_general_ci
field_revision_field_grievance	InnoDB	0	0.0	0.1	utf8mb3_general_ci
field_revision_field_grievance_actor	InnoDB	13	0.0	0.1	utf8mb3_general_ci
field_revision_field_grievance_address	InnoDB	0	0.0	0.1	utf8mb3_general_ci
field_revision_field_grievance_address_2	InnoDB	0	0.0	0.1	utf8mb3_general_ci
field_revision_field_grievance_alert	InnoDB	0	0.0	0.1	utf8mb3_general_ci
field_revision_field_grievance_alert_date	InnoDB	0	0.0	0.1	utf8mb3_general_ci
field_revision_field_grievance_alert_tid	InnoDB	0	0.0	0.1	utf8mb3_general_ci
field_revision_field_grievance_alert_waived	InnoDB	0	0.0	0.1	utf8mb3_general_ci
field_revision_field_grievance_amt	InnoDB	0	0.0	0.1	utf8mb3_general_ci
field_revision_field_grievance_amt_rcvd	InnoDB	0	0.0	0.1	utf8mb3_general_ci
field_revision_field_grievance_annual	InnoDB	2	0.0	0.1	utf8mb3_general_ci
field_revision_field_grievance_arbitration_a	InnoDB	0	0.0	0.1	utf8mb3_general_ci
field_revision_field_grievance_arbitration_b	InnoDB	0	0.0	0.1	utf8mb3_general_ci
field_revision_field_grievance_arbitration_c	InnoDB	0	0.0	0.1	utf8mb3_general_ci
field_revision_field_grievance_arbitration_d	InnoDB	0	0.0	0.1	utf8mb3_general_ci
field_revision_field_grievance_artsel	InnoDB	0	0.0	0.1	utf8mb3_general_ci
field_revision_field_grievance_assignee_notes	InnoDB	0	0.0	0.1	utf8mb3_general_ci
field_revision_field_grievance_attachments	InnoDB	444	0.0	0.1	utf8mb3_general_ci
field_revision_field_grievance_broughtby	InnoDB	0	0.0	0.1	utf8mb3_general_ci
field_revision_field_grievance_bundle	InnoDB	6	0.0	0.1	utf8mb3_general_ci
field_revision_field_grievance_can_attach	InnoDB	37	0.0	0.1	utf8mb3_general_ci
field_revision_field_grievance_can_ir	InnoDB	7	0.0	0.1	utf8mb3_general_ci
field_revision_field_grievance_category	InnoDB	0	0.0	0.1	utf8mb3_general_ci
field_revision_field_grievance_chapter	InnoDB	0	0.0	0.1	utf8mb3_general_ci
field_revision_field_grievance_checkno	InnoDB	0	0.0	0.1	utf8mb3_general_ci
field_revision_field_grievance_city	InnoDB	0	0.0	0.1	utf8mb3_general_ci
field_revision_field_grievance_classaction	InnoDB	0	0.0	0.1	utf8mb3_general_ci
field_revision_field_grievance_classification	InnoDB	0	0.0	0.1	utf8mb3_general_ci
field_revision_field_grievance_classifications	InnoDB	0	0.0	0.1	utf8mb3_general_ci
field_revision_field_grievance_class_tid	InnoDB	0	0.0	0.1	utf8mb3_general_ci
field_revision_field_grievance_clause	InnoDB	0	0.0	0.1	utf8mb3_general_ci
field_revision_field_grievance_clauseref	InnoDB	0	0.0	0.1	utf8mb3_general_ci
field_revision_field_grievance_comments	InnoDB	1	0.0	0.1	utf8mb3_general_ci
field_revision_field_grievance_company	InnoDB	3	0.0	0.1	utf8mb3_general_ci
field_revision_field_grievance_contact_selector	InnoDB	0	0.0	0.1	utf8mb3_general_ci
field_revision_field_grievance_contact_types	InnoDB	525	0.1	0.2	utf8mb3_general_ci
field_revision_field_grievance_contract	InnoDB	321	0.0	0.1	utf8mb3_general_ci
field_revision_field_grievance_contract_section	InnoDB	0	0.0	0.1	utf8mb3_general_ci
field_revision_field_grievance_contract_tplt	InnoDB	0	0.0	0.1	utf8mb3_general_ci
field_revision_field_grievance_contract_tplts	InnoDB	0	0.0	0.1	utf8mb3_general_ci
field_revision_field_grievance_cont_sec_tags	InnoDB	0	0.0	0.1	utf8mb3_general_ci
field_revision_field_grievance_cont_tplt_tags	InnoDB	0	0.0	0.1	utf8mb3_general_ci
field_revision_field_grievance_corrected	InnoDB	0	0.0	0.1	utf8mb3_general_ci
field_revision_field_grievance_co_address	InnoDB	120	0.0	0.1	utf8mb3_general_ci
field_revision_field_grievance_co_address_2	InnoDB	1	0.0	0.1	utf8mb3_general_ci
field_revision_field_grievance_co_city	InnoDB	120	0.0	0.1	utf8mb3_general_ci
field_revision_field_grievance_co_email	InnoDB	410	0.1	0.1	utf8mb3_general_ci
field_revision_field_grievance_co_fax	InnoDB	6	0.0	0.1	utf8mb3_general_ci
field_revision_field_grievance_co_name	InnoDB	414	0.1	0.1	utf8mb3_general_ci
field_revision_field_grievance_co_phone	InnoDB	81	0.0	0.1	utf8mb3_general_ci
field_revision_field_grievance_co_phone_2	InnoDB	20	0.0	0.1	utf8mb3_general_ci
field_revision_field_grievance_co_role	InnoDB	328	0.0	0.1	utf8mb3_general_ci
field_revision_field_grievance_co_state	InnoDB	120	0.0	0.1	utf8mb3_general_ci
field_revision_field_grievance_co_zip	InnoDB	120	0.0	0.1	utf8mb3_general_ci
field_revision_field_grievance_css	InnoDB	0	0.0	0.1	utf8mb3_general_ci
field_revision_field_grievance_data_alert	InnoDB	0	0.0	0.1	utf8mb3_general_ci
field_revision_field_grievance_date	InnoDB	2	0.0	0.1	utf8mb3_general_ci
field_revision_field_grievance_date_1	InnoDB	0	0.0	0.1	utf8mb3_general_ci
field_revision_field_grievance_date_2	InnoDB	0	0.0	0.1	utf8mb3_general_ci
field_revision_field_grievance_days	InnoDB	7	0.0	0.1	utf8mb3_general_ci
field_revision_field_grievance_daysoff	InnoDB	0	0.0	0.1	utf8mb3_general_ci
field_revision_field_grievance_days_type	InnoDB	0	0.0	0.1	utf8mb3_general_ci
field_revision_field_grievance_default	InnoDB	0	0.0	0.1	utf8mb3_general_ci
field_revision_field_grievance_department	InnoDB	0	0.0	0.1	utf8mb3_general_ci
field_revision_field_grievance_departments	InnoDB	0	0.0	0.1	utf8mb3_general_ci
field_revision_field_grievance_department_tid	InnoDB	0	0.0	0.1	utf8mb3_general_ci
field_revision_field_grievance_description	InnoDB	17	0.0	0.1	utf8mb3_general_ci
field_revision_field_grievance_document_type	InnoDB	0	0.0	0.1	utf8mb3_general_ci
field_revision_field_grievance_document_types	InnoDB	0	0.0	0.1	utf8mb3_general_ci
field_revision_field_grievance_dummy	InnoDB	0	0.0	0.1	utf8mb3_general_ci
field_revision_field_grievance_ein	InnoDB	0	0.0	0.1	utf8mb3_general_ci
field_revision_field_grievance_email	InnoDB	0	0.0	0.1	utf8mb3_general_ci
field_revision_field_grievance_emails	InnoDB	0	0.0	0.1	utf8mb3_general_ci
field_revision_field_grievance_emp_name	InnoDB	0	0.0	0.1	utf8mb3_general_ci
field_revision_field_grievance_entity_type	InnoDB	6	0.0	0.1	utf8mb3_general_ci
field_revision_field_grievance_external_id	InnoDB	17	0.0	0.1	utf8mb3_general_ci
field_revision_field_grievance_field_name	InnoDB	6	0.0	0.1	utf8mb3_general_ci
field_revision_field_grievance_first_name	InnoDB	0	0.0	0.1	utf8mb3_general_ci
field_revision_field_grievance_from_status	InnoDB	0	0.0	0.1	utf8mb3_general_ci
field_revision_field_grievance_gender	InnoDB	0	0.0	0.1	utf8mb3_general_ci
field_revision_field_grievance_hidefields	InnoDB	0	0.0	0.1	utf8mb3_general_ci
field_revision_field_grievance_hire_date	InnoDB	0	0.0	0.1	utf8mb3_general_ci
field_revision_field_grievance_holidays	InnoDB	0	0.0	0.1	utf8mb3_general_ci
field_revision_field_grievance_id	InnoDB	0	0.0	0.1	utf8mb3_general_ci
field_revision_field_grievance_images	InnoDB	5	0.0	0.1	utf8mb3_general_ci
field_revision_field_grievance_inforeq	InnoDB	0	0.0	0.1	utf8mb3_general_ci
field_revision_field_grievance_label	InnoDB	6	0.0	0.1	utf8mb3_general_ci
field_revision_field_grievance_last_name	InnoDB	0	0.0	0.1	utf8mb3_general_ci
field_revision_field_grievance_log_tags	InnoDB	0	0.0	0.1	utf8mb3_general_ci
field_revision_field_grievance_log_type	InnoDB	0	0.0	0.1	utf8mb3_general_ci
field_revision_field_grievance_meeting_date	InnoDB	0	0.0	0.1	utf8mb3_general_ci
field_revision_field_grievance_min	InnoDB	0	0.0	0.1	utf8mb3_general_ci
field_revision_field_grievance_next_status	InnoDB	0	0.0	0.1	utf8mb3_general_ci
field_revision_field_grievance_notify_body	InnoDB	7	0.1	0.1	utf8mb3_general_ci
field_revision_field_grievance_notify_subject	InnoDB	6	0.0	0.1	utf8mb3_general_ci
field_revision_field_grievance_open	InnoDB	3	0.0	0.1	utf8mb3_general_ci
field_revision_field_grievance_outcome	InnoDB	0	0.0	0.1	utf8mb3_general_ci
field_revision_field_grievance_phone	InnoDB	290	0.0	0.1	utf8mb3_general_ci
field_revision_field_grievance_phone_off	InnoDB	3	0.0	0.1	utf8mb3_general_ci
field_revision_field_grievance_pullclause	InnoDB	0	0.0	0.1	utf8mb3_general_ci
field_revision_field_grievance_remedy	InnoDB	0	0.0	0.1	utf8mb3_general_ci
field_revision_field_grievance_remedy_other	InnoDB	0	0.0	0.1	utf8mb3_general_ci
field_revision_field_grievance_rep_assignee	InnoDB	0	0.0	0.1	utf8mb3_general_ci
field_revision_field_grievance_rep_filed	InnoDB	0	0.0	0.1	utf8mb3_general_ci
field_revision_field_grievance_rep_lead	InnoDB	0	0.0	0.1	utf8mb3_general_ci
field_revision_field_grievance_rep_manager	InnoDB	0	0.0	0.1	utf8mb3_general_ci
field_revision_field_grievance_rep_organizer	InnoDB	0	0.0	0.1	utf8mb3_general_ci
field_revision_field_grievance_rep_watching	InnoDB	0	0.0	0.1	utf8mb3_general_ci
field_revision_field_grievance_resproc	InnoDB	0	0.0	0.1	utf8mb3_general_ci
field_revision_field_grievance_resproc_an	InnoDB	0	0.0	0.1	utf8mb3_general_ci
field_revision_field_grievance_resproc_cd	InnoDB	0	0.0	0.1	utf8mb3_general_ci
field_revision_field_grievance_resproc_ea	InnoDB	0	0.0	0.1	utf8mb3_general_ci
field_revision_field_grievance_resproc_er	InnoDB	0	0.0	0.1	utf8mb3_general_ci
field_revision_field_grievance_resproc_hd	InnoDB	0	0.0	0.1	utf8mb3_general_ci
field_revision_field_grievance_resproc_lh	InnoDB	0	0.0	0.1	utf8mb3_general_ci
field_revision_field_grievance_resproc_ur	InnoDB	0	0.0	0.1	utf8mb3_general_ci
field_revision_field_grievance_roles	InnoDB	6	0.0	0.1	utf8mb3_general_ci
field_revision_field_grievance_section_number	InnoDB	0	0.0	0.1	utf8mb3_general_ci
field_revision_field_grievance_settlement_tags	InnoDB	0	0.0	0.1	utf8mb3_general_ci
field_revision_field_grievance_shift	InnoDB	0	0.0	0.1	utf8mb3_general_ci
field_revision_field_grievance_shop	InnoDB	5611076	374.0	1214.0	utf8mb3_general_ci
field_revision_field_grievance_shops	InnoDB	790	0.1	0.3	utf8mb3_general_ci
field_revision_field_grievance_shortname	InnoDB	9	0.0	0.1	utf8mb3_general_ci
field_revision_field_grievance_state	InnoDB	0	0.0	0.1	utf8mb3_general_ci
field_revision_field_grievance_status	InnoDB	0	0.0	0.1	utf8mb3_general_ci
field_revision_field_grievance_statuses	InnoDB	0	0.0	0.1	utf8mb3_general_ci
field_revision_field_grievance_status_date	InnoDB	0	0.0	0.1	utf8mb3_general_ci
field_revision_field_grievance_st_email	InnoDB	0	0.0	0.1	utf8mb3_general_ci
field_revision_field_grievance_st_name	InnoDB	0	0.0	0.1	utf8mb3_general_ci
field_revision_field_grievance_st_phone	InnoDB	0	0.0	0.1	utf8mb3_general_ci
field_revision_field_grievance_st_selector	InnoDB	0	0.0	0.1	utf8mb3_general_ci
field_revision_field_grievance_supervisor_name	InnoDB	0	0.0	0.1	utf8mb3_general_ci
field_revision_field_grievance_supervisor_title	InnoDB	0	0.0	0.1	utf8mb3_general_ci
field_revision_field_grievance_supervisor_unit	InnoDB	0	0.0	0.1	utf8mb3_general_ci
field_revision_field_grievance_tags	InnoDB	2	0.0	0.1	utf8mb3_general_ci
field_revision_field_grievance_timeline_show	InnoDB	2	0.0	0.1	utf8mb3_general_ci
field_revision_field_grievance_type	InnoDB	0	0.0	0.1	utf8mb3_general_ci
field_revision_field_grievance_type_other	InnoDB	0	0.0	0.1	utf8mb3_general_ci
field_revision_field_grievance_update_rep	InnoDB	11	0.0	0.1	utf8mb3_general_ci
field_revision_field_grievance_valid	InnoDB	0	0.0	0.1	utf8mb3_general_ci
field_revision_field_grievance_violation	InnoDB	0	0.0	0.1	utf8mb3_general_ci
field_revision_field_grievance_weight	InnoDB	0	0.0	0.1	utf8mb3_general_ci
field_revision_field_grievance_work_status	InnoDB	0	0.0	0.1	utf8mb3_general_ci
field_revision_field_grievance_zip	InnoDB	0	0.0	0.1	utf8mb3_general_ci
field_revision_field_grievanct_cont_clse_tags	InnoDB	0	0.0	0.1	utf8mb3_general_ci
field_revision_field_sirius_aat	InnoDB	185617	22.6	74.8	utf8mb3_general_ci
field_revision_field_sirius_aat_required	InnoDB	144889	17.6	55.7	utf8mb3_general_ci
field_revision_field_sirius_active	InnoDB	4199826	285.0	909.5	utf8mb3_general_ci
field_revision_field_sirius_address	InnoDB	310026	56.7	89.3	utf8mb3_general_ci
field_revision_field_sirius_address_accuracy	InnoDB	185125	31.6	76.8	utf8mb3_general_ci
field_revision_field_sirius_address_canon	InnoDB	307941	57.7	104.8	utf8mb3_general_ci
field_revision_field_sirius_address_county	InnoDB	227957	36.6	76.8	utf8mb3_general_ci
field_revision_field_sirius_address_geo	InnoDB	179099	65.7	218.6	utf8mb3_general_ci
field_revision_field_sirius_address_notes	InnoDB	1	0.0	0.1	utf8mb3_general_ci
field_revision_field_sirius_address_parking	InnoDB	0	0.0	0.1	utf8mb3_general_ci
field_revision_field_sirius_attachments	InnoDB	8147	1.5	3.9	utf8mb3_general_ci
field_revision_field_sirius_audio	InnoDB	0	0.0	0.1	utf8mb3_general_ci
field_revision_field_sirius_audio_public	InnoDB	0	0.0	0.1	utf8mb3_general_ci
field_revision_field_sirius_badge	InnoDB	17	0.0	0.1	utf8mb3_general_ci
field_revision_field_sirius_batch_max	InnoDB	0	0.0	0.1	utf8mb3_general_ci
field_revision_field_sirius_batch_min	InnoDB	0	0.0	0.1	utf8mb3_general_ci
field_revision_field_sirius_batch_ratio	InnoDB	0	0.0	0.1	utf8mb3_general_ci
field_revision_field_sirius_boolean	InnoDB	5	0.0	0.1	utf8mb3_general_ci
field_revision_field_sirius_bu	InnoDB	0	0.0	0.1	utf8mb3_general_ci
field_revision_field_sirius_bulk_medium	InnoDB	130	0.0	0.1	utf8mb3_general_ci
field_revision_field_sirius_bulk_status	InnoDB	130	0.0	0.1	utf8mb3_general_ci
field_revision_field_sirius_callerids	InnoDB	0	0.0	0.1	utf8mb3_general_ci
field_revision_field_sirius_category	InnoDB	712659	51.6	161.0	utf8mb3_general_ci
field_revision_field_sirius_check_number	InnoDB	4064	1.5	1.6	utf8mb3_general_ci
field_revision_field_sirius_contact	InnoDB	240015	24.6	84.8	utf8mb3_general_ci
field_revision_field_sirius_contact_alt	InnoDB	34067	3.5	11.6	utf8mb3_general_ci
field_revision_field_sirius_contact_relation	InnoDB	518733	56.7	174.2	utf8mb3_general_ci
field_revision_field_sirius_contact_relations	InnoDB	25132	2.5	11.6	utf8mb3_general_ci
field_revision_field_sirius_contact_reltype	InnoDB	34196	3.5	11.6	utf8mb3_general_ci
field_revision_field_sirius_contact_tags	InnoDB	12354168	944.0	3039.9	utf8mb3_general_ci
field_revision_field_sirius_content_types	InnoDB	38	0.0	0.1	utf8mb3_general_ci
field_revision_field_sirius_count	InnoDB	34196	3.5	10.1	utf8mb3_general_ci
field_revision_field_sirius_count_no	InnoDB	0	0.0	0.1	utf8mb3_general_ci
field_revision_field_sirius_count_notified	InnoDB	0	0.0	0.1	utf8mb3_general_ci
field_revision_field_sirius_count_yes	InnoDB	11079	1.5	7.9	utf8mb3_general_ci
field_revision_field_sirius_css_class	InnoDB	6	0.0	0.1	utf8mb3_general_ci
field_revision_field_sirius_currency	InnoDB	17	0.0	0.1	utf8mb3_general_ci
field_revision_field_sirius_daterepeat	InnoDB	0	0.0	0.1	utf8mb3_general_ci
field_revision_field_sirius_datetime	InnoDB	2933596	197.9	645.0	utf8mb3_general_ci
field_revision_field_sirius_datetime_completed	InnoDB	2933596	197.9	645.0	utf8mb3_general_ci
field_revision_field_sirius_datetime_created	InnoDB	10036	1.5	5.2	utf8mb3_general_ci
field_revision_field_sirius_date_end	InnoDB	3975366	273.0	864.5	utf8mb3_general_ci
field_revision_field_sirius_date_start	InnoDB	6484842	439.0	1391.3	utf8mb3_general_ci
field_revision_field_sirius_denorm_benefits	InnoDB	329364	46.6	132.0	utf8mb3_general_ci
field_revision_field_sirius_denorm_level	InnoDB	0	0.0	0.1	utf8mb3_general_ci
field_revision_field_sirius_dispatch_3sen	InnoDB	0	0.0	0.1	utf8mb3_general_ci
field_revision_field_sirius_dispatch_asi	InnoDB	28083	3.5	12.5	utf8mb3_general_ci
field_revision_field_sirius_dispatch_available	InnoDB	20	0.0	0.1	utf8mb3_general_ci
field_revision_field_sirius_dispatch_availdate	InnoDB	228	0.0	0.1	utf8mb3_general_ci
field_revision_field_sirius_dispatch_cbn	InnoDB	43250	3.5	11.6	utf8mb3_general_ci
field_revision_field_sirius_dispatch_days	InnoDB	0	0.0	0.1	utf8mb3_general_ci
field_revision_field_sirius_dispatch_dncs	InnoDB	0	0.0	0.1	utf8mb3_general_ci
field_revision_field_sirius_dispatch_dncs2	InnoDB	0	0.0	0.1	utf8mb3_general_ci
field_revision_field_sirius_dispatch_eba	InnoDB	137038	17.6	55.7	utf8mb3_general_ci
field_revision_field_sirius_dispatch_eba_dates	InnoDB	1	0.0	0.1	utf8mb3_general_ci
field_revision_field_sirius_dispatch_facility	InnoDB	3	0.0	0.1	utf8mb3_general_ci
field_revision_field_sirius_dispatch_hall	InnoDB	0	0.0	0.1	utf8mb3_general_ci
field_revision_field_sirius_dispatch_hfe	InnoDB	0	0.0	0.1	utf8mb3_general_ci
field_revision_field_sirius_dispatch_hfe_until	InnoDB	228	0.0	0.1	utf8mb3_general_ci
field_revision_field_sirius_dispatch_job	InnoDB	43250	3.5	11.6	utf8mb3_general_ci
field_revision_field_sirius_dispatch_job_group	InnoDB	1	0.0	0.1	utf8mb3_general_ci
field_revision_field_sirius_dispatch_job_nfcns	InnoDB	1	0.0	0.1	utf8mb3_general_ci
field_revision_field_sirius_dispatch_job_status	InnoDB	11181	1.5	5.3	utf8mb3_general_ci
field_revision_field_sirius_dispatch_job_tags	InnoDB	0	0.0	0.1	utf8mb3_general_ci
field_revision_field_sirius_dispatch_job_type	InnoDB	11181	1.5	5.3	utf8mb3_general_ci
field_revision_field_sirius_dispatch_job_types	InnoDB	9	0.0	0.1	utf8mb3_general_ci
field_revision_field_sirius_dispatch_medium	InnoDB	171771	17.6	55.7	utf8mb3_general_ci
field_revision_field_sirius_dispatch_roles	InnoDB	0	0.0	0.1	utf8mb3_general_ci
field_revision_field_sirius_dispatch_sib_status	InnoDB	0	0.0	0.1	utf8mb3_general_ci
field_revision_field_sirius_dispatch_status	InnoDB	43099	4.5	12.6	utf8mb3_general_ci
field_revision_field_sirius_dispatch_type	InnoDB	43257	3.5	12.6	utf8mb3_general_ci
field_revision_field_sirius_dob	InnoDB	106320	14.5	43.6	utf8mb3_general_ci
field_revision_field_sirius_docret_key	InnoDB	0	0.0	0.1	utf8mb3_general_ci
field_revision_field_sirius_docret_mode	InnoDB	0	0.0	0.1	utf8mb3_general_ci
field_revision_field_sirius_dollar_amt	InnoDB	10858	1.5	3.8	utf8mb3_general_ci
field_revision_field_sirius_domain	InnoDB	7389688	479.0	1562.5	utf8mb3_general_ci
field_revision_field_sirius_edls_sheet_status	InnoDB	0	0.0	0.1	utf8mb3_general_ci
field_revision_field_sirius_email	InnoDB	130721	20.6	44.6	utf8mb3_general_ci
field_revision_field_sirius_emails	InnoDB	11	0.0	0.1	utf8mb3_general_ci
field_revision_field_sirius_email_possible	InnoDB	0	0.0	0.1	utf8mb3_general_ci
field_revision_field_sirius_event	InnoDB	0	0.0	0.1	utf8mb3_general_ci
field_revision_field_sirius_events	InnoDB	0	0.0	0.1	utf8mb3_general_ci
field_revision_field_sirius_event_prole	InnoDB	0	0.0	0.1	utf8mb3_general_ci
field_revision_field_sirius_event_proles	InnoDB	31	0.0	0.1	utf8mb3_general_ci
field_revision_field_sirius_event_pstatus	InnoDB	0	0.0	0.1	utf8mb3_general_ci
field_revision_field_sirius_event_type	InnoDB	0	0.0	0.1	utf8mb3_general_ci
field_revision_field_sirius_fastload_status	InnoDB	20027	2.5	10.6	utf8mb3_general_ci
field_revision_field_sirius_feed_status	InnoDB	5224	1.5	2.0	utf8mb3_general_ci
field_revision_field_sirius_gender	InnoDB	97856	13.5	40.6	utf8mb3_general_ci
field_revision_field_sirius_gender_nota_calc	InnoDB	158466	17.6	54.6	utf8mb3_general_ci
field_revision_field_sirius_gender_nota_val	InnoDB	2278	0.3	0.9	utf8mb3_general_ci
field_revision_field_sirius_headshot	InnoDB	2	0.0	0.1	utf8mb3_general_ci
field_revision_field_sirius_hour_type	InnoDB	0	0.0	0.1	utf8mb3_general_ci
field_revision_field_sirius_id	InnoDB	168221	20.6	60.7	utf8mb3_general_ci
field_revision_field_sirius_id2	InnoDB	39787	5.5	17.6	utf8mb3_general_ci
field_revision_field_sirius_id3	InnoDB	114777	14.5	40.6	utf8mb3_general_ci
field_revision_field_sirius_industry	InnoDB	123165	13.5	39.6	utf8mb3_general_ci
field_revision_field_sirius_job_number	InnoDB	0	0.0	0.1	utf8mb3_general_ci
field_revision_field_sirius_json	InnoDB	4998040	3842.0	1102.2	utf8mb3_general_ci
field_revision_field_sirius_json_definition	InnoDB	0	0.0	0.1	utf8mb3_general_ci
field_revision_field_sirius_lang	InnoDB	8757	1.5	3.5	utf8mb3_general_ci
field_revision_field_sirius_ledger_account	InnoDB	10871	1.5	5.4	utf8mb3_general_ci
field_revision_field_sirius_ledger_allocated	InnoDB	10870	1.5	5.4	utf8mb3_general_ci
field_revision_field_sirius_ledger_category	InnoDB	0	0.0	0.1	utf8mb3_general_ci
field_revision_field_sirius_letterhead_format	InnoDB	0	0.0	0.1	utf8mb3_general_ci
field_revision_field_sirius_letter_content_type	InnoDB	18	0.0	0.1	utf8mb3_general_ci
field_revision_field_sirius_log	InnoDB	0	0.0	0.1	utf8mb3_general_ci
field_revision_field_sirius_log_handler	InnoDB	721266	45.6	170.0	utf8mb3_general_ci
field_revision_field_sirius_member_active	InnoDB	14	0.0	0.1	utf8mb3_general_ci
field_revision_field_sirius_member_status	InnoDB	114906	12.5	39.6	utf8mb3_general_ci
field_revision_field_sirius_merchant_name	InnoDB	6161	1.5	2.2	utf8mb3_general_ci
field_revision_field_sirius_message	InnoDB	799720	120.8	194.2	utf8mb3_general_ci
field_revision_field_sirius_mustlog	InnoDB	11	0.0	0.1	utf8mb3_general_ci
field_revision_field_sirius_name	InnoDB	497266	61.7	187.7	utf8mb3_general_ci
field_revision_field_sirius_name_alt	InnoDB	10	0.0	0.1	utf8mb3_general_ci
field_revision_field_sirius_name_display	InnoDB	17	0.0	0.1	utf8mb3_general_ci
field_revision_field_sirius_name_short	InnoDB	472	0.1	0.1	utf8mb3_general_ci
field_revision_field_sirius_name_tts	InnoDB	2	0.0	0.1	utf8mb3_general_ci
field_revision_field_sirius_nota	InnoDB	1	0.0	0.1	utf8mb3_general_ci
field_revision_field_sirius_notes	InnoDB	2134832	305.0	616.5	utf8mb3_general_ci
field_revision_field_sirius_notify	InnoDB	4	0.0	0.1	utf8mb3_general_ci
field_revision_field_sirius_page	InnoDB	0	0.0	0.1	utf8mb3_general_ci
field_revision_field_sirius_paths	InnoDB	212	0.1	0.1	utf8mb3_general_ci
field_revision_field_sirius_payer	InnoDB	10823	1.5	5.4	utf8mb3_general_ci
field_revision_field_sirius_payment_status	InnoDB	10846	1.5	5.4	utf8mb3_general_ci
field_revision_field_sirius_payment_type	InnoDB	10701	1.5	5.3	utf8mb3_general_ci
field_revision_field_sirius_payperiod_type	InnoDB	1	0.0	0.1	utf8mb3_general_ci
field_revision_field_sirius_payrate	InnoDB	29897	3.5	9.9	utf8mb3_general_ci
field_revision_field_sirius_payrate_skilled	InnoDB	0	0.0	0.1	utf8mb3_general_ci
field_revision_field_sirius_phone	InnoDB	246538	33.6	75.8	utf8mb3_general_ci
field_revision_field_sirius_phone_alt	InnoDB	4586	1.5	1.7	utf8mb3_general_ci
field_revision_field_sirius_phone_fax	InnoDB	0	0.0	0.1	utf8mb3_general_ci
field_revision_field_sirius_phone_mobile	InnoDB	103	0.0	0.1	utf8mb3_general_ci
field_revision_field_sirius_provider_npi	InnoDB	0	0.0	0.1	utf8mb3_general_ci
field_revision_field_sirius_public	InnoDB	246	0.0	0.1	utf8mb3_general_ci
field_revision_field_sirius_rawhtml	InnoDB	3	0.0	0.1	utf8mb3_general_ci
field_revision_field_sirius_representatives	InnoDB	0	0.0	0.1	utf8mb3_general_ci
field_revision_field_sirius_roles	InnoDB	32	0.0	0.1	utf8mb3_general_ci
field_revision_field_sirius_signature	InnoDB	2	0.0	0.1	utf8mb3_general_ci
field_revision_field_sirius_skill	InnoDB	0	0.0	0.1	utf8mb3_general_ci
field_revision_field_sirius_skills_avail	InnoDB	0	0.0	0.1	utf8mb3_general_ci
field_revision_field_sirius_skills_availx	InnoDB	163101	17.6	55.7	utf8mb3_general_ci
field_revision_field_sirius_skill_expire	InnoDB	228	0.0	0.1	utf8mb3_general_ci
field_revision_field_sirius_sms	InnoDB	23	0.0	0.1	utf8mb3_general_ci
field_revision_field_sirius_sms_possible	InnoDB	2689	0.2	0.7	utf8mb3_general_ci
field_revision_field_sirius_source	InnoDB	156980	27.6	60.7	utf8mb3_general_ci
field_revision_field_sirius_ssn	InnoDB	155376	19.6	54.6	utf8mb3_general_ci
field_revision_field_sirius_summary	InnoDB	1072126	197.0	285.3	utf8mb3_general_ci
field_revision_field_sirius_term_proxy	InnoDB	254	0.0	0.1	utf8mb3_general_ci
field_revision_field_sirius_term_source	InnoDB	11	0.0	0.1	utf8mb3_general_ci
field_revision_field_sirius_timelimit	InnoDB	0	0.0	0.1	utf8mb3_general_ci
field_revision_field_sirius_title	InnoDB	0	0.0	0.1	utf8mb3_general_ci
field_revision_field_sirius_trust_benefit	InnoDB	1060046	115.8	340.8	utf8mb3_general_ci
field_revision_field_sirius_trust_benefits	InnoDB	664968	54.6	167.0	utf8mb3_general_ci
field_revision_field_sirius_trust_benefit_type	InnoDB	28	0.0	0.1	utf8mb3_general_ci
field_revision_field_sirius_trust_election	InnoDB	903516	104.8	308.6	utf8mb3_general_ci
field_revision_field_sirius_trust_election_type	InnoDB	60900	5.5	19.6	utf8mb3_general_ci
field_revision_field_sirius_trust_policy	InnoDB	223922	19.6	60.7	utf8mb3_general_ci
field_revision_field_sirius_trust_prov_levels	InnoDB	0	0.0	0.1	utf8mb3_general_ci
field_revision_field_sirius_trust_service_type	InnoDB	0	0.0	0.1	utf8mb3_general_ci
field_revision_field_sirius_trust_subscriber	InnoDB	1186804	113.9	338.8	utf8mb3_general_ci
field_revision_field_sirius_type	InnoDB	1279245	100.8	324.6	utf8mb3_general_ci
field_revision_field_sirius_tz	InnoDB	453	0.1	0.2	utf8mb3_general_ci
field_revision_field_sirius_users	InnoDB	0	0.0	0.1	utf8mb3_general_ci
field_revision_field_sirius_voice	InnoDB	1	0.0	0.1	utf8mb3_general_ci
field_revision_field_sirius_voice_possible	InnoDB	2689	0.2	0.7	utf8mb3_general_ci
field_revision_field_sirius_worker	InnoDB	6423621	425.0	1378.2	utf8mb3_general_ci
field_revision_field_sirius_worker_dispstatus	InnoDB	3830	0.3	1.2	utf8mb3_general_ci
field_revision_field_sirius_work_status	InnoDB	303	0.0	0.1	utf8mb3_general_ci
field_validation_rule	InnoDB	6	0.0	0.0	utf8mb3_general_ci
file_managed	InnoDB	5665	1.5	2.3	utf8mb3_general_ci
file_usage	InnoDB	14955	1.5	2.3	utf8mb3_general_ci
filter	InnoDB	30	0.0	0.0	utf8mb3_general_ci
filter_format	InnoDB	5	0.0	0.0	utf8mb3_general_ci
flag	InnoDB	1	0.0	0.0	utf8mb3_general_ci
flagging	InnoDB	245	0.0	0.1	utf8mb3_general_ci
flag_counts	InnoDB	239	0.0	0.1	utf8mb3_general_ci
flag_types	InnoDB	0	0.0	0.0	utf8mb3_general_ci
flood	InnoDB	0	0.0	0.0	utf8mb3_general_ci
fontyourface_font	InnoDB	3214	1.5	0.4	utf8mb3_general_ci
fontyourface_tag	InnoDB	16	0.0	0.0	utf8mb3_general_ci
fontyourface_tag_font	InnoDB	3243	0.1	0.1	utf8mb3_general_ci
front_page	InnoDB	12	0.0	0.0	utf8mb3_general_ci
history	InnoDB	8597	1.0	0.2	utf8mb3_general_ci
i18n_block_language	InnoDB	0	0.0	0.0	utf8mb3_general_ci
i18n_path	InnoDB	0	0.0	0.0	utf8mb3_general_ci
i18n_string	InnoDB	79	0.0	0.0	utf8mb3_general_ci
i18n_translation_set	InnoDB	0	0.0	0.0	utf8mb3_general_ci
imagefield_crop	InnoDB	16	0.0	0.0	utf8mb3_general_ci
image_effects	InnoDB	2	0.0	0.0	utf8mb3_general_ci
image_styles	InnoDB	2	0.0	0.0	utf8mb3_general_ci
job_schedule	InnoDB	0	0.0	0.1	utf8mb3_general_ci
l10n_update_file	InnoDB	0	0.0	0.0	utf8mb3_general_ci
l10n_update_project	InnoDB	124	0.0	0.0	utf8mb3_general_ci
languages	InnoDB	1	0.0	0.0	utf8mb3_general_ci
locales_source	InnoDB	10414	1.5	0.6	utf8mb3_general_ci
locales_target	InnoDB	0	0.0	0.0	utf8mb3_general_ci
login_destination	InnoDB	1	0.0	0.0	utf8mb3_general_ci
masquerade	InnoDB	0	0.0	0.0	utf8mb3_general_ci
masquerade_users	InnoDB	0	0.0	0.0	utf8mb3_general_ci
menu_custom	InnoDB	12	0.0	0.0	utf8mb3_general_ci
menu_links	InnoDB	1567	0.4	0.5	utf8mb3_general_ci
menu_router	InnoDB	1681	1.3	0.6	utf8mb3_general_ci
name_custom_format	InnoDB	5	0.0	0.0	utf8mb3_general_ci
node	InnoDB	7497455	1333.0	2251.8	utf8mb3_general_ci
nodequeue_nodes	InnoDB	2445	0.1	1.2	utf8mb3_general_ci
nodequeue_queue	InnoDB	1	0.0	0.0	utf8mb3_general_ci
nodequeue_roles	InnoDB	0	0.0	0.0	utf8mb3_general_ci
nodequeue_subqueue	InnoDB	1	0.0	0.0	utf8mb3_general_ci
nodequeue_types	InnoDB	1	0.0	0.0	utf8mb3_general_ci
node_access	InnoDB	1	0.0	0.0	utf8mb3_general_ci
node_comment_statistics	InnoDB	218	0.0	0.0	utf8mb3_general_ci
node_revision	InnoDB	7133973	1082.0	542.2	utf8mb3_general_ci
node_type	InnoDB	57	0.0	0.0	utf8mb3_general_ci
pathauto_state	InnoDB	179	0.0	0.0	utf8mb3_general_ci
print_node_conf	InnoDB	0	0.0	0.0	utf8mb3_general_ci
print_page_counter	InnoDB	5	0.0	0.0	utf8mb3_general_ci
print_pdf_node_conf	InnoDB	0	0.0	0.0	utf8mb3_general_ci
print_pdf_page_counter	InnoDB	5	0.0	0.0	utf8mb3_general_ci
queue	InnoDB	12176	97.2	1.6	utf8mb3_general_ci
rdf_mapping	InnoDB	2	0.0	0.0	utf8mb3_general_ci
registry	InnoDB	1450	0.2	0.1	utf8mb3_general_ci
registry_file	InnoDB	919	0.2	0.0	utf8mb3_general_ci
report_cache	InnoDB	15685308	24550.0	37246.1	utf8mb3_general_ci
role	InnoDB	12	0.0	0.0	utf8mb3_general_ci
role_permission	InnoDB	1068	0.1	0.1	utf8mb3_general_ci
rules_config	InnoDB	0	0.0	0.0	utf8mb3_general_ci
rules_dependencies	InnoDB	0	0.0	0.0	utf8mb3_general_ci
rules_tags	InnoDB	0	0.0	0.0	utf8mb3_general_ci
rules_trigger	InnoDB	0	0.0	0.0	utf8mb3_general_ci
s3fs_file	InnoDB	1030	0.1	0.0	utf8mb3_general_ci
search_dataset	InnoDB	4881	5.5	0.0	utf8mb3_general_ci
search_index	InnoDB	339937	16.5	8.5	utf8mb3_general_ci
search_node_links	InnoDB	62	0.0	0.0	utf8mb3_general_ci
search_total	InnoDB	11432	0.4	0.0	utf8mb3_general_ci
semaphore	InnoDB	0	0.0	0.0	utf8mb3_general_ci
sequences	InnoDB	1	0.0	0.0	utf8mb3_general_ci
services_endpoint	InnoDB	1	0.0	0.0	utf8mb3_general_ci
services_user	InnoDB	0	0.0	0.0	utf8mb3_general_ci
sessions	InnoDB	93	0.1	0.0	utf8mb3_general_ci
shortcut_set	InnoDB	1	0.0	0.0	utf8mb3_general_ci
shortcut_set_users	InnoDB	0	0.0	0.0	utf8mb3_general_ci
sirius_denorm_queue	InnoDB	1455	0.1	0.2	latin1_swedish_ci
sirius_dispatch_elig_cache	InnoDB	0	0.0	0.0	latin1_swedish_ci
sirius_hours_cache	InnoDB	3342280	429.0	353.1	latin1_swedish_ci
sirius_ledger_ar	InnoDB	109451	59.4	13.1	latin1_swedish_ci
sirius_ledger_balance	InnoDB	728	0.0	0.0	latin1_swedish_ci
sirius_lock	InnoDB	0	0.0	0.0	latin1_swedish_ci
sirius_postal_lob_cache	InnoDB	460	14.6	0.0	latin1_swedish_ci
sirius_quickhash	InnoDB	1	0.0	0.0	latin1_swedish_ci
sirius_sched	InnoDB	0	0.0	0.1	latin1_swedish_ci
sirius_trust_wb_scan_changelog	InnoDB	2663510	295.3	0.0	latin1_swedish_ci
system	InnoDB	546	1.5	0.1	utf8mb3_general_ci
taxonomy_index	InnoDB	12776141	547.0	560.7	utf8mb3_general_ci
taxonomy_term_data	InnoDB	636	0.1	0.2	utf8mb3_general_ci
taxonomy_term_hierarchy	InnoDB	612	0.0	0.0	utf8mb3_general_ci
taxonomy_vocabulary	InnoDB	47	0.0	0.0	utf8mb3_general_ci
tfa_accepted_code	InnoDB	0	0.0	0.0	utf8mb3_general_ci
tfa_recovery_code	InnoDB	30	0.0	0.0	utf8mb3_general_ci
tfa_totp_seed	InnoDB	1	0.0	0.0	utf8mb3_general_ci
tfa_trusted_browser	InnoDB	0	0.0	0.0	utf8mb3_general_ci
tfa_user_settings	InnoDB	3	0.0	0.0	utf8mb3_general_ci
url_alias	InnoDB	77	0.0	0.0	utf8mb3_general_ci
users	InnoDB	3286	1.5	0.8	utf8mb3_general_ci
users_roles	InnoDB	2079	0.1	0.0	utf8mb3_general_ci
variable	InnoDB	3439	0.5	0.0	utf8mb3_general_ci
variable_store	InnoDB	2	0.0	0.0	utf8mb3_general_ci
views_calc_fields	InnoDB	0	0.0	0.0	utf8mb3_general_ci
views_data_export	InnoDB	0	0.0	0.0	utf8mb3_general_ci
views_data_export_object_cache	InnoDB	1	61.0	0.0	utf8mb3_general_ci
views_display	InnoDB	135	1.5	0.0	utf8mb3_general_ci
views_savedsearches	InnoDB	1	0.0	0.0	utf8mb3_general_ci
views_view	InnoDB	63	0.0	0.0	utf8mb3_general_ci
watchdog	InnoDB	1000	1.0	0.1	utf8mb3_general_ci
